10.jpg,99.0,51.0,0.685748,103.0,47.0,0.6528451,94.0,47.0,0.56551003,109.0,50.0,0.7791416,89.0,49.0,0.75523317,118.0,68.0,0.8661628,78.0,68.0,0.79230106,128.0,81.0,0.73357636,74.0,80.0,0.8208287,98.0,76.0,0.44783926,108.0,81.0,0.5413024,110.0,115.0,0.80711865,88.0,115.0,0.80696046,130.0,129.0,0.8275497,73.0,126.0,0.64935464,126.0,162.0,0.8171927,73.0,166.0,0.9038764
100.jpg,99.0,56.0,0.7108353,103.0,51.0,0.86253756,94.0,51.0,0.8341747,109.0,53.0,0.85677445,88.0,53.0,0.82752305,118.0,67.0,0.85236466,78.0,67.0,0.7269628,130.0,73.0,0.66572225,72.0,73.0,0.75467,101.0,70.0,0.27624124,107.0,74.0,0.7076706,110.0,116.0,0.79065,87.0,115.0,0.71899414,129.0,128.0,0.75196004,73.0,127.0,0.68587524,126.0,162.0,0.8469503,74.0,165.0,0.87461424
101.jpg,98.0,55.0,0.7428849,103.0,51.0,0.84654725,94.0,51.0,0.84133065,108.0,52.0,0.8606207,88.0,52.0,0.81945,117.0,66.0,0.83426565,78.0,66.0,0.71540457,129.0,72.0,0.6890142,72.0,72.0,0.7671815,100.0,70.0,0.27605775,106.0,74.0,0.67425054,110.0,115.0,0.70968664,87.0,115.0,0.7208984,129.0,129.0,0.7914815,73.0,127.0,0.7355829,126.0,162.0,0.8939059,73.0,166.0,0.8701392
102.jpg,83.0,45.0,0.556351,91.0,36.0,0.73512554,79.0,37.0,0.89892584,106.0,36.0,0.91316295,79.0,38.0,0.7975333,115.0,63.0,0.7824422,104.0,55.0,0.61304235,56.0,78.0,0.7062305,81.0,64.0,0.120607585,75.0,66.0,0.26855326,83.0,64.0,0.43042392,163.0,127.0,0.79613805,144.0,118.0,0.6876101,98.0,146.0,0.79703724,87.0,111.0,0.6617247,135.0,199.0,0.8955544,109.0,166.0,0.6731573
103.jpg,83.0,45.0,0.5985327,91.0,37.0,0.74131745,79.0,38.0,0.8771919,106.0,36.0,0.8904836,79.0,38.0,0.79035604,115.0,63.0,0.82318056,104.0,55.0,0.624747,56.0,78.0,0.7148145,81.0,61.0,0.11438632,71.0,66.0,0.1939382,82.0,64.0,0.4544829,162.0,127.0,0.82197225,143.0,118.0,0.6685051,98.0,146.0,0.8894701,87.0,111.0,0.7581341,134.0,200.0,0.874758,109.0,167.0,0.78175443
104.jpg,83.0,45.0,0.56374735,91.0,37.0,0.7531567,79.0,38.0,0.873626,107.0,36.0,0.9114302,79.0,38.0,0.79186594,114.0,62.0,0.8401449,104.0,55.0,0.62750787,56.0,78.0,0.73063385,81.0,65.0,0.12290919,70.0,67.0,0.202818,82.0,64.0,0.38660502,163.0,127.0,0.78749686,144.0,118.0,0.6793982,98.0,146.0,0.82045275,88.0,111.0,0.5916426,134.0,200.0,0.8723546,109.0,166.0,0.6038161
105.jpg,98.0,55.0,0.68563825,103.0,50.0,0.7651557,94.0,50.0,0.6884228,109.0,52.0,0.81408274,88.0,52.0,0.86375713,119.0,66.0,0.86775494,79.0,65.0,0.76575327,130.0,72.0,0.62374854,72.0,73.0,0.76710975,99.0,70.0,0.2984432,108.0,75.0,0.60446507,110.0,115.0,0.78143835,87.0,115.0,0.8132212,129.0,129.0,0.5940931,73.0,129.0,0.8974894,127.0,163.0,0.77755976,74.0,166.0,0.88640654
106.jpg,98.0,54.0,0.7543682,103.0,49.0,0.8357376,94.0,50.0,0.7922596,109.0,51.0,0.8667772,88.0,51.0,0.83244234,118.0,65.0,0.8486236,78.0,65.0,0.7524372,129.0,71.0,0.635009,73.0,72.0,0.75711393,97.0,69.0,0.32024932,108.0,74.0,0.62785256,110.0,114.0,0.7631234,87.0,114.0,0.7618085,129.0,129.0,0.76317537,73.0,127.0,0.8509086,126.0,164.0,0.90258604,73.0,166.0,0.8725667
107.jpg,83.0,45.0,0.7117975,90.0,37.0,0.82595706,79.0,38.0,0.87857944,106.0,36.0,0.9142637,79.0,38.0,0.78158736,114.0,63.0,0.5917892,104.0,55.0,0.5941813,56.0,80.0,0.6676346,80.0,64.0,0.120137066,66.0,69.0,0.19866556,79.0,64.0,0.41000766,162.0,126.0,0.7641536,144.0,118.0,0.6548636,98.0,145.0,0.8238543,88.0,111.0,0.6253238,134.0,200.0,0.7345018,110.0,168.0,0.70798665
108.jpg,83.0,45.0,0.66440856,90.0,37.0,0.8215558,79.0,38.0,0.87278926,106.0,37.0,0.91764015,80.0,39.0,0.7318483,115.0,63.0,0.8076626,103.0,56.0,0.6417001,55.0,81.0,0.7576616,81.0,67.0,0.14816087,62.0,70.0,0.29971078,78.0,64.0,0.43851092,162.0,126.0,0.76845205,144.0,118.0,0.6329356,98.0,145.0,0.80514383,87.0,111.0,0.77808577,134.0,199.0,0.79284036,109.0,168.0,0.7024814
109.jpg,83.0,46.0,0.74460506,90.0,38.0,0.77133155,78.0,38.0,0.7852601,106.0,37.0,0.90037477,79.0,39.0,0.7522737,114.0,63.0,0.5865777,103.0,56.0,0.6636107,55.0,81.0,0.75831443,81.0,66.0,0.1400541,61.0,70.0,0.26523134,76.0,64.0,0.41514492,162.0,126.0,0.7859598,144.0,118.0,0.67730325,98.0,145.0,0.81007797,87.0,111.0,0.72147995,134.0,199.0,0.76068425,110.0,166.0,0.6905842
110.jpg,83.0,46.0,0.78322506,90.0,38.0,0.6364826,78.0,39.0,0.82557034,106.0,38.0,0.8019166,79.0,39.0,0.7767101,113.0,63.0,0.67941093,103.0,56.0,0.66055346,54.0,81.0,0.76838803,80.0,67.0,0.16832769,61.0,70.0,0.29354662,75.0,65.0,0.4474721,163.0,127.0,0.7940973,144.0,119.0,0.69670284,98.0,146.0,0.8831456,88.0,111.0,0.5905573,133.0,199.0,0.7347104,110.0,167.0,0.75069666
111.jpg,98.0,54.0,0.8147139,103.0,49.0,0.8012501,94.0,49.0,0.7670015,109.0,50.0,0.8415029,88.0,50.0,0.7964423,119.0,64.0,0.8285414,79.0,64.0,0.755266,130.0,71.0,0.6421448,73.0,72.0,0.668047,104.0,69.0,0.21661472,109.0,74.0,0.6498676,111.0,113.0,0.79635894,88.0,113.0,0.7896435,130.0,130.0,0.6225493,73.0,127.0,0.7507262,127.0,165.0,0.65634125,74.0,167.0,0.8497953
112.jpg,98.0,54.0,0.772305,103.0,49.0,0.7947638,94.0,49.0,0.7544822,109.0,50.0,0.85063076,89.0,50.0,0.8174694,119.0,64.0,0.8063117,78.0,65.0,0.7692614,130.0,70.0,0.5839257,74.0,72.0,0.7044451,100.0,69.0,0.3067096,110.0,75.0,0.519898,111.0,113.0,0.81166065,88.0,113.0,0.80374527,130.0,130.0,0.8721675,74.0,128.0,0.7819247,127.0,163.0,0.906188,74.0,166.0,0.74325633
113.jpg,98.0,53.0,0.7239988,103.0,49.0,0.7436315,93.0,49.0,0.70902914,109.0,50.0,0.85053575,88.0,50.0,0.84466505,118.0,63.0,0.842779,78.0,65.0,0.7873,130.0,71.0,0.657908,74.0,72.0,0.80190325,100.0,70.0,0.28261226,109.0,75.0,0.63782996,110.0,113.0,0.7953725,87.0,113.0,0.7698693,129.0,130.0,0.72097874,73.0,127.0,0.78152597,126.0,163.0,0.804461,74.0,166.0,0.75327027
114.jpg,82.0,45.0,0.7281653,89.0,37.0,0.84244585,78.0,38.0,0.802344,105.0,37.0,0.87244153,79.0,39.0,0.72301114,114.0,63.0,0.8438369,103.0,55.0,0.5869385,53.0,81.0,0.7109106,81.0,68.0,0.13044593,66.0,67.0,0.21973544,79.0,64.0,0.44202092,162.0,126.0,0.81188095,144.0,118.0,0.70988,98.0,146.0,0.81345075,88.0,111.0,0.58502334,134.0,200.0,0.85982436,109.0,162.0,0.27492678
115.jpg,82.0,45.0,0.7281653,89.0,37.0,0.84244585,78.0,38.0,0.802344,105.0,37.0,0.87244153,79.0,39.0,0.72301114,114.0,63.0,0.8438369,103.0,55.0,0.5869385,53.0,81.0,0.7109106,81.0,68.0,0.13044593,66.0,67.0,0.21973544,79.0,64.0,0.44202092,162.0,126.0,0.81188095,144.0,118.0,0.70988,98.0,146.0,0.81345075,88.0,111.0,0.58502334,134.0,200.0,0.85982436,109.0,162.0,0.27492678
116.jpg,82.0,45.0,0.68249786,89.0,37.0,0.8597913,78.0,38.0,0.8222236,105.0,37.0,0.8730725,79.0,39.0,0.71736646,113.0,63.0,0.6891797,104.0,56.0,0.64511395,53.0,81.0,0.7456948,81.0,67.0,0.12196019,67.0,67.0,0.19193071,79.0,61.0,0.3312471,163.0,127.0,0.8199781,146.0,119.0,0.73937327,98.0,145.0,0.79220545,87.0,111.0,0.5786992,134.0,200.0,0.8711053,109.0,166.0,0.6596297
117.jpg,99.0,53.0,0.7404072,104.0,49.0,0.7882762,95.0,49.0,0.7725551,110.0,50.0,0.7877956,89.0,50.0,0.8267968,120.0,65.0,0.8280635,79.0,64.0,0.74054384,130.0,71.0,0.5939115,74.0,72.0,0.7339689,99.0,70.0,0.30830002,110.0,74.0,0.59934604,110.0,113.0,0.8120583,88.0,113.0,0.80195975,130.0,130.0,0.88453937,74.0,127.0,0.75765884,127.0,164.0,0.81504905,74.0,166.0,0.66951805
118.jpg,98.0,53.0,0.78169125,103.0,48.0,0.81441367,94.0,48.0,0.78314686,110.0,49.0,0.81797826,89.0,49.0,0.8509437,120.0,63.0,0.8601322,79.0,64.0,0.6953417,130.0,70.0,0.65488553,74.0,71.0,0.6675277,101.0,69.0,0.2774675,109.0,73.0,0.67013067,111.0,113.0,0.7477846,88.0,113.0,0.74312794,129.0,130.0,0.7092479,73.0,127.0,0.89559233,126.0,163.0,0.88338816,73.0,167.0,0.8268193
119.jpg,81.0,45.0,0.6413965,89.0,37.0,0.8708725,77.0,38.0,0.80997896,105.0,37.0,0.8920227,79.0,38.0,0.68294024,113.0,63.0,0.7003925,104.0,55.0,0.644503,53.0,80.0,0.700113,77.0,67.0,0.13185993,66.0,67.0,0.20221472,79.0,64.0,0.50349087,163.0,127.0,0.8168875,146.0,119.0,0.7324381,97.0,145.0,0.7981012,87.0,111.0,0.52979463,134.0,200.0,0.85699105,109.0,161.0,0.3397333
120.jpg,82.0,45.0,0.63633883,89.0,37.0,0.8657167,77.0,38.0,0.8377218,106.0,37.0,0.88974077,79.0,38.0,0.6907569,113.0,63.0,0.6959428,104.0,55.0,0.63598067,53.0,81.0,0.7350513,78.0,67.0,0.15917793,65.0,68.0,0.22612992,76.0,63.0,0.34127674,162.0,126.0,0.80145645,145.0,119.0,0.7366038,97.0,145.0,0.79500306,87.0,111.0,0.64830923,133.0,199.0,0.75794864,109.0,165.0,0.675691
121.jpg,82.0,45.0,0.6437493,89.0,37.0,0.8631973,77.0,38.0,0.8540887,106.0,37.0,0.90497506,79.0,38.0,0.68870294,114.0,63.0,0.6551147,104.0,55.0,0.6425388,53.0,81.0,0.71728885,81.0,63.0,0.13439304,61.0,70.0,0.25502914,78.0,64.0,0.48937958,162.0,126.0,0.78454304,145.0,119.0,0.72143424,97.0,145.0,0.78045,88.0,110.0,0.5393221,134.0,199.0,0.8986423,109.0,166.0,0.5532756
122.jpg,82.0,45.0,0.83907735,90.0,37.0,0.8894849,78.0,37.0,0.9092885,106.0,37.0,0.9157605,79.0,38.0,0.747312,114.0,63.0,0.84498835,103.0,55.0,0.62892324,54.0,81.0,0.7335124,81.0,64.0,0.14967328,64.0,69.0,0.24605572,75.0,64.0,0.50311494,162.0,125.0,0.8058877,144.0,117.0,0.72524774,98.0,145.0,0.80807436,87.0,111.0,0.58783126,133.0,199.0,0.77932906,109.0,167.0,0.54012907
123.jpg,99.0,53.0,0.72101665,104.0,49.0,0.8292192,95.0,49.0,0.77902895,110.0,50.0,0.83690536,89.0,50.0,0.8506073,120.0,64.0,0.81937826,80.0,64.0,0.7180738,131.0,71.0,0.6122518,74.0,72.0,0.7516766,100.0,70.0,0.28019625,109.0,75.0,0.69235927,111.0,113.0,0.8246356,89.0,113.0,0.7946223,130.0,131.0,0.6988202,74.0,127.0,0.7453077,127.0,163.0,0.8563449,74.0,166.0,0.8397437
124.jpg,99.0,53.0,0.7742423,104.0,48.0,0.8101946,95.0,48.0,0.7312871,110.0,49.0,0.82120585,89.0,49.0,0.6848613,120.0,64.0,0.82403517,80.0,64.0,0.7255415,129.0,71.0,0.6601956,75.0,72.0,0.6929629,98.0,70.0,0.3169065,109.0,75.0,0.57039016,111.0,112.0,0.8117175,88.0,112.0,0.7922902,130.0,132.0,0.7395862,73.0,129.0,0.75215775,127.0,163.0,0.87860084,74.0,166.0,0.6899179
125.jpg,99.0,53.0,0.8052556,104.0,48.0,0.82689357,95.0,48.0,0.7491578,110.0,50.0,0.8509444,89.0,49.0,0.7932712,120.0,64.0,0.84072864,80.0,64.0,0.7683192,130.0,71.0,0.6999405,74.0,71.0,0.70923376,101.0,70.0,0.23938113,110.0,76.0,0.58719033,112.0,112.0,0.6385018,89.0,112.0,0.7804763,130.0,133.0,0.7221329,74.0,128.0,0.797449,127.0,164.0,0.83482826,74.0,167.0,0.8090677
126.jpg,83.0,45.0,0.5649532,91.0,37.0,0.76429164,79.0,37.0,0.8945986,107.0,36.0,0.91644824,79.0,37.0,0.83071816,115.0,63.0,0.82139367,106.0,54.0,0.63133025,56.0,81.0,0.6991942,78.0,66.0,0.16677657,59.0,70.0,0.38691998,71.0,65.0,0.45843512,163.0,125.0,0.77217305,146.0,118.0,0.67265075,98.0,144.0,0.8549682,87.0,111.0,0.75243926,134.0,200.0,0.8832159,110.0,167.0,0.6312155
127.jpg,83.0,45.0,0.79297066,91.0,36.0,0.7173304,79.0,37.0,0.8782098,107.0,36.0,0.9117921,80.0,37.0,0.8261465,115.0,63.0,0.801878,106.0,54.0,0.6631421,56.0,82.0,0.63802016,71.0,70.0,0.16012314,61.0,70.0,0.35027465,72.0,65.0,0.44630122,163.0,124.0,0.7779631,146.0,117.0,0.7325843,99.0,144.0,0.8625778,88.0,111.0,0.5114063,134.0,199.0,0.7598288,110.0,168.0,0.642532
128.jpg,84.0,45.0,0.797776,91.0,36.0,0.7016654,79.0,37.0,0.870641,107.0,36.0,0.904174,80.0,37.0,0.83032084,116.0,63.0,0.762377,103.0,54.0,0.5688384,57.0,82.0,0.6821742,71.0,70.0,0.16386148,59.0,70.0,0.35707444,71.0,65.0,0.4665149,163.0,124.0,0.78307164,145.0,117.0,0.6407864,100.0,144.0,0.8248048,88.0,111.0,0.62258005,135.0,199.0,0.89031756,112.0,167.0,0.56525
129.jpg,100.0,51.0,0.65361524,105.0,46.0,0.8765645,95.0,46.0,0.8456704,111.0,48.0,0.796967,90.0,47.0,0.803812,121.0,62.0,0.80990994,81.0,62.0,0.74015814,130.0,69.0,0.6442719,75.0,70.0,0.74215096,102.0,68.0,0.22474012,110.0,74.0,0.53014624,112.0,111.0,0.83515716,89.0,111.0,0.7995317,130.0,133.0,0.8713826,74.0,128.0,0.8266798,127.0,164.0,0.8776125,73.0,166.0,0.8051369
130.jpg,100.0,50.0,0.81908756,104.0,45.0,0.68568295,95.0,46.0,0.70492226,111.0,47.0,0.81356215,90.0,47.0,0.69435525,122.0,61.0,0.84636307,80.0,62.0,0.76653856,130.0,68.0,0.7571513,74.0,70.0,0.7724909,102.0,68.0,0.21915075,110.0,74.0,0.6373848,112.0,110.0,0.8445334,89.0,110.0,0.81491196,129.0,134.0,0.7639214,73.0,127.0,0.892552,126.0,162.0,0.6788535,74.0,166.0,0.8324347
131.jpg,84.0,44.0,0.8111882,91.0,36.0,0.7220762,80.0,37.0,0.84951186,107.0,36.0,0.85672987,81.0,37.0,0.82805634,117.0,62.0,0.7406362,105.0,54.0,0.6151953,58.0,84.0,0.7511338,75.0,70.0,0.16115218,61.0,71.0,0.45426056,70.0,66.0,0.4368054,165.0,124.0,0.85097015,144.0,115.0,0.6995225,101.0,144.0,0.82586825,90.0,110.0,0.67010736,135.0,199.0,0.884948,109.0,167.0,0.80716306
132.jpg,83.0,45.0,0.7758207,91.0,37.0,0.7422013,80.0,37.0,0.848324,107.0,36.0,0.8738779,82.0,37.0,0.6882723,117.0,61.0,0.77428347,106.0,54.0,0.61017615,58.0,84.0,0.75917614,75.0,69.0,0.14552027,59.0,72.0,0.41208512,69.0,67.0,0.4775842,166.0,123.0,0.8473626,146.0,116.0,0.72245926,100.0,143.0,0.7695346,90.0,111.0,0.7567408,134.0,198.0,0.77616286,110.0,166.0,0.8237672
133.jpg,83.0,45.0,0.67202306,91.0,37.0,0.749918,80.0,38.0,0.7934501,107.0,37.0,0.87998927,81.0,38.0,0.7832427,117.0,62.0,0.7858923,103.0,54.0,0.5308523,58.0,84.0,0.7662127,75.0,69.0,0.14752656,61.0,71.0,0.36142516,70.0,67.0,0.48557633,165.0,123.0,0.8421585,144.0,115.0,0.6941526,100.0,142.0,0.8166894,91.0,110.0,0.67358273,135.0,199.0,0.8933377,110.0,165.0,0.7699733
134.jpg,83.0,47.0,0.84652364,90.0,39.0,0.731901,79.0,40.0,0.8819021,107.0,38.0,0.8043753,81.0,39.0,0.7629714,115.0,65.0,0.5706561,103.0,55.0,0.55180806,56.0,86.0,0.7237384,80.0,68.0,0.12979984,59.0,74.0,0.33026063,72.0,67.0,0.4204989,165.0,125.0,0.8299043,147.0,117.0,0.5859555,100.0,142.0,0.7919458,93.0,113.0,0.54072326,135.0,199.0,0.69847596,110.0,166.0,0.6668464
135.jpg,99.0,51.0,0.7209509,104.0,46.0,0.76794976,94.0,47.0,0.75541586,111.0,48.0,0.75491,89.0,48.0,0.8556192,122.0,61.0,0.8295655,81.0,62.0,0.8055433,130.0,69.0,0.69533485,74.0,72.0,0.67987216,99.0,69.0,0.26946005,110.0,75.0,0.5772707,113.0,111.0,0.8396081,90.0,110.0,0.8138373,130.0,133.0,0.7267661,74.0,129.0,0.79996026,127.0,162.0,0.8668394,74.0,166.0,0.84637487
136.jpg,99.0,52.0,0.73214334,104.0,48.0,0.72789705,94.0,48.0,0.85510933,111.0,49.0,0.80221987,89.0,50.0,0.7829523,121.0,62.0,0.83795524,81.0,64.0,0.70376855,132.0,71.0,0.685362,75.0,74.0,0.7180451,99.0,71.0,0.2375522,111.0,75.0,0.63661337,113.0,111.0,0.85936964,90.0,111.0,0.82494074,131.0,135.0,0.91829646,76.0,129.0,0.76381505,127.0,163.0,0.85599816,74.0,167.0,0.62766886
137.jpg,99.0,53.0,0.76467824,104.0,48.0,0.5777476,94.0,49.0,0.6962398,111.0,50.0,0.8706563,89.0,50.0,0.81862783,121.0,64.0,0.8266083,81.0,65.0,0.70665216,133.0,72.0,0.5939938,76.0,74.0,0.65733093,102.0,72.0,0.26150513,111.0,76.0,0.5830433,113.0,112.0,0.8391577,90.0,111.0,0.791185,131.0,136.0,0.88110924,76.0,129.0,0.8834466,127.0,162.0,0.8797225,74.0,167.0,0.7210578
141.jpg,100.0,74.0,0.78102577,104.0,69.0,0.72533363,95.0,70.0,0.56950134,110.0,71.0,0.8703399,88.0,71.0,0.70437497,120.0,84.0,0.80990714,78.0,85.0,0.6259291,133.0,90.0,0.72687036,75.0,90.0,0.8397646,101.0,90.0,0.25952607,109.0,93.0,0.66786677,114.0,137.0,0.8284937,89.0,137.0,0.731726,126.0,155.0,0.8095838,75.0,151.0,0.88484544,123.0,195.0,0.7641741,80.0,195.0,0.87979746
142.jpg,99.0,74.0,0.659999,104.0,69.0,0.8379308,95.0,69.0,0.71355927,110.0,71.0,0.8447799,89.0,71.0,0.75386167,120.0,83.0,0.81423676,79.0,86.0,0.7936245,133.0,89.0,0.73592556,75.0,89.0,0.82948637,102.0,90.0,0.20184258,107.0,94.0,0.65254843,114.0,137.0,0.79981863,90.0,137.0,0.8006964,126.0,155.0,0.8094369,75.0,151.0,0.8789537,124.0,194.0,0.8008255,80.0,194.0,0.9039284
143.jpg,73.0,57.0,0.74464315,80.0,49.0,0.5523249,69.0,50.0,0.66901124,98.0,47.0,0.8216391,72.0,50.0,0.703414,103.0,75.0,0.53505063,97.0,62.0,0.6300929,44.0,96.0,0.88614964,82.0,79.0,0.10671306,61.0,76.0,0.21442533,74.0,74.0,0.28254318,165.0,128.0,0.84170866,145.0,121.0,0.49516824,99.0,144.0,0.7638762,92.0,115.0,0.4380719,133.0,200.0,0.6443229,108.0,165.0,0.39838
144.jpg,70.0,53.0,0.77161133,77.0,45.0,0.77627754,66.0,45.0,0.6959034,95.0,44.0,0.7963368,69.0,46.0,0.68585306,99.0,72.0,0.5939437,95.0,61.0,0.37164187,40.0,93.0,0.8900713,78.0,78.0,0.10882819,58.0,73.0,0.33105493,70.0,69.0,0.37397885,165.0,124.0,0.8667541,144.0,118.0,0.5374348,99.0,144.0,0.73005927,92.0,115.0,0.4722666,135.0,200.0,0.8850697,108.0,165.0,0.5714652
145.jpg,69.0,50.0,0.83890206,76.0,41.0,0.68671024,65.0,42.0,0.86019754,93.0,40.0,0.89734274,67.0,42.0,0.7057109,98.0,69.0,0.6526197,91.0,57.0,0.35302,39.0,91.0,0.92157555,80.0,74.0,0.107183546,60.0,75.0,0.25890556,72.0,77.0,0.41563937,164.0,119.0,0.8789185,144.0,114.0,0.57355493,98.0,144.0,0.7499477,89.0,113.0,0.45400813,134.0,200.0,0.8771863,109.0,166.0,0.54406255
146.jpg,65.0,37.0,0.5338121,73.0,28.0,0.8361561,61.0,30.0,0.92968786,90.0,27.0,0.8645371,62.0,29.0,0.78997743,97.0,57.0,0.83867836,90.0,42.0,0.50651217,36.0,79.0,0.86791265,65.0,60.0,0.13534093,51.0,61.0,0.21132913,66.0,56.0,0.3852752,159.0,106.0,0.80206835,141.0,101.0,0.70961696,99.0,144.0,0.8593426,87.0,112.0,0.84044987,135.0,199.0,0.90443134,111.0,170.0,0.7862196
147.jpg,99.0,74.0,0.75813603,104.0,69.0,0.7424549,95.0,70.0,0.60425776,110.0,71.0,0.8086716,89.0,71.0,0.72453684,119.0,84.0,0.82133347,79.0,86.0,0.79623115,133.0,89.0,0.68523145,76.0,90.0,0.8059522,104.0,91.0,0.22597736,109.0,94.0,0.59054756,114.0,137.0,0.8317132,90.0,137.0,0.8175768,126.0,156.0,0.7050586,76.0,152.0,0.8314431,124.0,194.0,0.87715137,80.0,195.0,0.865739
148.jpg,99.0,74.0,0.6324958,104.0,69.0,0.82499254,94.0,69.0,0.7033323,110.0,71.0,0.88767695,89.0,71.0,0.7971084,119.0,83.0,0.78198963,79.0,85.0,0.7909819,133.0,88.0,0.7783054,75.0,89.0,0.783872,102.0,90.0,0.2407406,107.0,94.0,0.6368161,114.0,137.0,0.8362351,90.0,137.0,0.72834635,126.0,156.0,0.8175292,75.0,151.0,0.88721216,124.0,195.0,0.70992815,80.0,194.0,0.8393024
149.jpg,99.0,74.0,0.64127284,104.0,69.0,0.57863396,95.0,69.0,0.46674353,110.0,71.0,0.8896402,89.0,71.0,0.77625155,119.0,84.0,0.73939943,77.0,85.0,0.61502886,133.0,89.0,0.74329495,75.0,90.0,0.75438786,101.0,90.0,0.24402955,110.0,94.0,0.51095486,113.0,137.0,0.78654623,90.0,137.0,0.7027039,126.0,155.0,0.7750633,75.0,151.0,0.8120296,124.0,194.0,0.78279686,80.0,194.0,0.90736365
15.jpg,98.0,51.0,0.6696402,103.0,47.0,0.77527976,94.0,47.0,0.7635747,109.0,50.0,0.745731,89.0,49.0,0.86753726,119.0,68.0,0.8541763,77.0,68.0,0.7912164,127.0,81.0,0.695803,74.0,80.0,0.77381825,98.0,76.0,0.44114363,110.0,81.0,0.5728995,110.0,116.0,0.78684264,88.0,115.0,0.78482985,130.0,129.0,0.78989017,73.0,127.0,0.84857434,127.0,162.0,0.89623654,74.0,166.0,0.88159084
150.jpg,67.0,13.0,0.73523164,75.0,5.0,0.86428386,62.0,5.0,0.86587894,91.0,5.0,0.7546471,63.0,6.0,0.7793827,102.0,33.0,0.7963593,78.0,28.0,0.3789326,48.0,64.0,0.81501496,52.0,50.0,0.17144793,40.0,51.0,0.38333577,54.0,42.0,0.38990897,158.0,90.0,0.90319616,131.0,87.0,0.7097725,101.0,140.0,0.9035661,83.0,112.0,0.76476663,135.0,199.0,0.9079464,111.0,165.0,0.72530293
151.jpg,71.0,2.0,0.5797027,77.0,-1.0,0.46840218,67.0,0.0,0.39886096,93.0,0.0,0.35570484,67.0,0.0,0.36884153,109.0,19.0,0.65332526,70.0,22.0,0.67886674,64.0,55.0,0.55796576,43.0,36.0,0.28602618,48.0,49.0,0.39033183,52.0,34.0,0.22477564,154.0,81.0,0.93944633,129.0,82.0,0.8188291,103.0,136.0,0.90935063,81.0,116.0,0.8532685,134.0,199.0,0.8164114,106.0,171.0,0.82186985
152.jpg,72.0,1.0,0.5340709,77.0,-1.0,0.31953496,70.0,-1.0,0.38548908,94.0,0.0,0.40003872,72.0,0.0,0.463943,112.0,14.0,0.5578454,70.0,20.0,0.71392727,76.0,50.0,0.5804656,32.0,43.0,0.5666261,52.0,36.0,0.31368065,53.0,30.0,0.17999592,151.0,77.0,0.9088418,124.0,79.0,0.86957437,106.0,134.0,0.8654269,80.0,116.0,0.7213396,134.0,198.0,0.882856,107.0,170.0,0.9239818
153.jpg,99.0,74.0,0.6839623,104.0,69.0,0.78763366,95.0,69.0,0.50245136,110.0,71.0,0.885939,89.0,71.0,0.7308794,120.0,84.0,0.79276085,78.0,85.0,0.67552155,132.0,89.0,0.74983084,75.0,90.0,0.81012833,102.0,90.0,0.23995459,110.0,95.0,0.54349273,114.0,137.0,0.83231205,90.0,137.0,0.80437636,126.0,155.0,0.82709587,76.0,151.0,0.8226001,124.0,195.0,0.7340095,80.0,194.0,0.9038353
154.jpg,99.0,74.0,0.6885915,104.0,69.0,0.7853601,94.0,69.0,0.56700885,110.0,71.0,0.88119197,89.0,71.0,0.7262322,120.0,83.0,0.8235026,79.0,85.0,0.6266021,131.0,89.0,0.7226952,75.0,90.0,0.7587193,101.0,90.0,0.23565716,110.0,95.0,0.5782387,113.0,136.0,0.78043616,90.0,136.0,0.8285604,126.0,156.0,0.73145896,76.0,151.0,0.8345576,124.0,195.0,0.8196051,80.0,194.0,0.8837565
159.jpg,99.0,73.0,0.7559713,104.0,69.0,0.75777376,95.0,69.0,0.6403013,110.0,71.0,0.7751712,89.0,70.0,0.6991154,119.0,83.0,0.8034452,79.0,85.0,0.7953073,133.0,88.0,0.670465,75.0,89.0,0.837065,102.0,89.0,0.2096791,108.0,93.0,0.7124073,113.0,137.0,0.79312277,90.0,137.0,0.8252189,125.0,156.0,0.7319143,76.0,152.0,0.8723166,124.0,195.0,0.8018713,80.0,195.0,0.8675276
16.jpg,98.0,51.0,0.7363812,103.0,46.0,0.8536384,94.0,46.0,0.78822935,109.0,50.0,0.836803,88.0,50.0,0.8144365,118.0,67.0,0.7948532,77.0,68.0,0.66990876,126.0,80.0,0.7426961,73.0,80.0,0.67468584,96.0,76.0,0.48443958,109.0,81.0,0.5100617,110.0,115.0,0.75315404,87.0,115.0,0.7154399,130.0,129.0,0.84129566,72.0,127.0,0.75838864,126.0,163.0,0.8568276,73.0,166.0,0.89629185
160.jpg,99.0,73.0,0.7094202,104.0,69.0,0.76242715,94.0,69.0,0.6588484,110.0,70.0,0.74255455,88.0,70.0,0.6935419,119.0,83.0,0.81101584,79.0,85.0,0.7883346,133.0,88.0,0.6925003,74.0,89.0,0.8074674,101.0,89.0,0.19182283,109.0,94.0,0.640562,113.0,137.0,0.7684042,89.0,137.0,0.8028879,125.0,156.0,0.8251066,75.0,152.0,0.8156667,123.0,195.0,0.8440127,80.0,194.0,0.91239667
161.jpg,100.0,73.0,0.6741292,105.0,69.0,0.7538553,95.0,69.0,0.65875393,111.0,71.0,0.76258564,89.0,70.0,0.7082473,120.0,83.0,0.80399024,79.0,85.0,0.788337,133.0,88.0,0.70258725,75.0,89.0,0.80168426,102.0,90.0,0.2150585,109.0,94.0,0.57888913,114.0,137.0,0.75913966,90.0,137.0,0.7954837,125.0,155.0,0.79493177,76.0,152.0,0.82454944,124.0,194.0,0.8468846,80.0,194.0,0.8987994
162.jpg,147.0,2.0,0.36281538,151.0,0.0,0.36605185,141.0,0.0,0.4489382,153.0,0.0,0.3176027,124.0,0.0,0.16566584,159.0,11.0,0.64244884,106.0,8.0,0.8294562,203.0,26.0,0.73395413,139.0,39.0,0.4315109,174.0,26.0,0.34957856,172.0,28.0,0.5763252,109.0,76.0,0.86098063,78.0,71.0,0.8792984,144.0,124.0,0.79498684,116.0,124.0,0.9648118,108.0,158.0,0.6644479,108.0,172.0,0.77759457
163.jpg,152.0,1.0,0.45433307,157.0,0.0,0.3391657,148.0,0.0,0.410056,158.0,0.0,0.46564183,132.0,-1.0,0.1663441,163.0,16.0,0.7026095,114.0,12.0,0.8530613,202.0,30.0,0.7594265,143.0,42.0,0.5086765,175.0,29.0,0.39061707,174.0,32.0,0.31281254,107.0,77.0,0.8921261,77.0,74.0,0.9203268,145.0,123.0,0.864939,123.0,124.0,0.9224756,108.0,160.0,0.69222295,110.0,184.0,0.86949986
164.jpg,157.0,8.0,0.7138246,162.0,1.0,0.8324231,150.0,0.0,0.6764288,164.0,2.0,0.71713907,137.0,1.0,0.59768707,161.0,24.0,0.7459637,122.0,23.0,0.7324091,198.0,38.0,0.73160076,173.0,59.0,0.8380987,163.0,32.0,0.46208614,177.0,36.0,0.24525273,106.0,81.0,0.69681406,79.0,82.0,0.8469491,146.0,119.0,0.7939708,133.0,127.0,0.8155245,109.0,162.0,0.81777406,111.0,195.0,0.8267938
165.jpg,99.0,74.0,0.6624673,104.0,69.0,0.8161137,95.0,69.0,0.67847306,111.0,71.0,0.8859476,89.0,71.0,0.7569711,120.0,84.0,0.7879133,79.0,85.0,0.820454,133.0,89.0,0.7867748,75.0,89.0,0.8242538,102.0,91.0,0.25088286,108.0,94.0,0.6097986,114.0,137.0,0.8045861,90.0,137.0,0.6770812,125.0,155.0,0.6701577,75.0,152.0,0.8781941,124.0,194.0,0.77751815,80.0,195.0,0.8700294
166.jpg,100.0,74.0,0.67242074,105.0,69.0,0.80296767,95.0,69.0,0.67701477,111.0,71.0,0.8890441,89.0,71.0,0.77600163,120.0,84.0,0.7612996,78.0,85.0,0.6285671,132.0,89.0,0.75622857,75.0,90.0,0.7571242,102.0,90.0,0.25977427,110.0,94.0,0.53306186,114.0,137.0,0.8230201,90.0,137.0,0.721403,125.0,155.0,0.7713768,76.0,151.0,0.87816143,124.0,195.0,0.71331537,81.0,195.0,0.87498564
167.jpg,164.0,32.0,0.80503637,169.0,26.0,0.87117195,159.0,23.0,0.83409166,164.0,24.0,0.54051673,143.0,19.0,0.7838077,133.0,37.0,0.7594994,139.0,52.0,0.75648946,150.0,54.0,0.2242693,188.0,75.0,0.94250035,173.0,53.0,0.5952698,176.0,57.0,0.4272154,81.0,102.0,0.6813451,78.0,111.0,0.77028763,140.0,114.0,0.5982986,146.0,136.0,0.8381468,108.0,160.0,0.56953603,110.0,201.0,0.9232428
168.jpg,164.0,36.0,0.7419663,168.0,29.0,0.8187215,159.0,27.0,0.880375,164.0,28.0,0.5492845,142.0,23.0,0.84296596,132.0,40.0,0.86995566,140.0,53.0,0.6164838,145.0,55.0,0.33374393,189.0,77.0,0.9271093,169.0,57.0,0.6638465,174.0,62.0,0.36519244,84.0,104.0,0.56778544,80.0,114.0,0.6576971,140.0,113.0,0.5521859,147.0,137.0,0.94923806,107.0,161.0,0.55256104,111.0,201.0,0.8507458
169.jpg,164.0,39.0,0.7403301,168.0,32.0,0.73969305,159.0,30.0,0.8973764,163.0,31.0,0.6184979,142.0,26.0,0.8362287,132.0,43.0,0.8726841,138.0,55.0,0.7129504,154.0,62.0,0.26377416,189.0,79.0,0.92902344,166.0,63.0,0.30964494,173.0,65.0,0.35324723,83.0,107.0,0.5093917,78.0,117.0,0.71292734,139.0,114.0,0.6591028,147.0,138.0,0.93518126,106.0,163.0,0.68929803,111.0,202.0,0.8902364
17.jpg,98.0,51.0,0.7348323,103.0,46.0,0.8164587,94.0,46.0,0.7968198,109.0,50.0,0.8304292,88.0,50.0,0.83174,118.0,68.0,0.70143664,77.0,68.0,0.75913537,127.0,81.0,0.72549736,73.0,80.0,0.7587079,95.0,76.0,0.49187446,109.0,81.0,0.55090517,110.0,116.0,0.8064795,87.0,115.0,0.7673955,130.0,129.0,0.81171286,73.0,127.0,0.5792868,126.0,163.0,0.8632331,74.0,166.0,0.89914215
170.jpg,162.0,44.0,0.64231455,166.0,37.0,0.87653315,158.0,35.0,0.64296913,160.0,36.0,0.6706871,139.0,30.0,0.74140084,131.0,50.0,0.89443135,137.0,59.0,0.68050116,151.0,66.0,0.3306014,188.0,83.0,0.9394122,165.0,69.0,0.27735218,172.0,68.0,0.58101064,78.0,113.0,0.70087767,77.0,121.0,0.6386944,137.0,116.0,0.79747677,147.0,139.0,0.7438818,106.0,165.0,0.55271244,110.0,201.0,0.9117495
171.jpg,100.0,73.0,0.7075608,104.0,69.0,0.7714077,95.0,69.0,0.6498291,111.0,71.0,0.8774015,89.0,70.0,0.73800933,120.0,83.0,0.79215,79.0,85.0,0.7902336,132.0,88.0,0.731293,75.0,89.0,0.7892065,102.0,90.0,0.26127893,110.0,95.0,0.56057686,114.0,137.0,0.7836049,90.0,137.0,0.8288225,127.0,156.0,0.8407476,76.0,152.0,0.85396624,124.0,194.0,0.74331266,81.0,194.0,0.89265513
172.jpg,99.0,73.0,0.7339047,104.0,68.0,0.7544249,95.0,69.0,0.6363851,111.0,70.0,0.83975863,89.0,70.0,0.7265118,120.0,83.0,0.8149872,79.0,85.0,0.798784,132.0,88.0,0.731043,76.0,89.0,0.78597885,102.0,90.0,0.26965058,110.0,95.0,0.5753469,114.0,137.0,0.7979753,91.0,137.0,0.829931,126.0,156.0,0.6877983,76.0,151.0,0.82746124,124.0,195.0,0.79664725,80.0,194.0,0.8564855
173.jpg,99.0,74.0,0.73653936,104.0,69.0,0.6449586,95.0,69.0,0.5546779,111.0,70.0,0.8854867,89.0,70.0,0.71878767,120.0,83.0,0.7801044,78.0,85.0,0.6523263,132.0,89.0,0.75265974,76.0,90.0,0.78410345,102.0,90.0,0.25602448,110.0,95.0,0.5600942,114.0,137.0,0.8439484,90.0,137.0,0.8151224,126.0,155.0,0.8268789,76.0,152.0,0.84961617,124.0,194.0,0.72047275,80.0,194.0,0.8820464
174.jpg,158.0,51.0,0.82960904,162.0,44.0,0.8547996,153.0,41.0,0.8197888,156.0,44.0,0.70285964,135.0,37.0,0.7862294,124.0,55.0,0.77717257,133.0,66.0,0.6559279,144.0,73.0,0.21562052,185.0,86.0,0.9569103,167.0,69.0,0.50461876,170.0,71.0,0.6081156,77.0,118.0,0.5263758,74.0,129.0,0.65207654,135.0,115.0,0.65669924,145.0,139.0,0.7258852,106.0,166.0,0.53999704,110.0,202.0,0.85964406
175.jpg,157.0,51.0,0.5079285,161.0,45.0,0.5219224,152.0,42.0,0.76614934,156.0,44.0,0.68681324,134.0,38.0,0.8190589,124.0,55.0,0.75542086,133.0,67.0,0.67321604,141.0,72.0,0.21879542,184.0,86.0,0.95401466,167.0,68.0,0.6192189,170.0,69.0,0.62517715,77.0,118.0,0.5124125,74.0,129.0,0.6509266,135.0,115.0,0.75605285,145.0,140.0,0.88702846,105.0,165.0,0.5137239,110.0,202.0,0.88214445
176.jpg,156.0,51.0,0.85156655,160.0,44.0,0.8268565,151.0,42.0,0.7098675,154.0,44.0,0.73625124,133.0,37.0,0.831632,122.0,54.0,0.86339784,131.0,67.0,0.7611638,140.0,72.0,0.2517429,184.0,86.0,0.9547144,165.0,67.0,0.5220167,169.0,68.0,0.66949916,72.0,121.0,0.7510979,73.0,129.0,0.62173516,135.0,115.0,0.6929595,145.0,138.0,0.76383245,105.0,166.0,0.52051,110.0,202.0,0.8637953
177.jpg,101.0,73.0,0.7880188,105.0,68.0,0.63314784,96.0,69.0,0.5336769,112.0,70.0,0.74791205,90.0,70.0,0.77313006,120.0,83.0,0.828412,80.0,85.0,0.7591083,133.0,89.0,0.6931328,77.0,89.0,0.79103047,101.0,91.0,0.26638332,110.0,95.0,0.7476183,114.0,136.0,0.8510857,91.0,136.0,0.82991225,126.0,156.0,0.8144289,76.0,153.0,0.7567791,124.0,195.0,0.80905867,81.0,195.0,0.9059545
178.jpg,100.0,73.0,0.6829623,105.0,68.0,0.79143023,95.0,68.0,0.6134343,111.0,70.0,0.83923686,89.0,69.0,0.7051077,120.0,83.0,0.82512164,79.0,84.0,0.8236337,133.0,88.0,0.73827934,76.0,89.0,0.7909535,103.0,90.0,0.23328856,110.0,94.0,0.55066085,114.0,136.0,0.80641526,90.0,136.0,0.7658689,126.0,155.0,0.8278524,77.0,151.0,0.83966553,124.0,195.0,0.64522797,80.0,194.0,0.8855976
179.jpg,155.0,49.0,0.8142339,158.0,43.0,0.88851357,150.0,41.0,0.79475164,151.0,42.0,0.66585225,133.0,36.0,0.7857547,122.0,54.0,0.80082476,131.0,66.0,0.80858177,143.0,72.0,0.24093884,185.0,84.0,0.9363607,166.0,66.0,0.58151615,168.0,68.0,0.54094255,71.0,121.0,0.6830084,71.0,131.0,0.7295084,133.0,115.0,0.68034565,144.0,139.0,0.883196,105.0,166.0,0.50043726,110.0,202.0,0.839681
180.jpg,155.0,49.0,0.8351562,158.0,43.0,0.8717743,150.0,41.0,0.73740077,150.0,41.0,0.47556525,132.0,36.0,0.81680346,122.0,54.0,0.8172631,131.0,66.0,0.7663427,142.0,70.0,0.25736082,185.0,83.0,0.92393,163.0,65.0,0.47316462,168.0,67.0,0.6140963,71.0,120.0,0.71570706,71.0,129.0,0.64952856,134.0,114.0,0.6538395,144.0,138.0,0.887905,104.0,166.0,0.6198516,109.0,202.0,0.85562396
181.jpg,155.0,50.0,0.8472634,158.0,44.0,0.82100976,151.0,42.0,0.64482397,149.0,41.0,0.60194504,132.0,36.0,0.81811106,121.0,55.0,0.7152314,130.0,66.0,0.6844318,140.0,72.0,0.2524283,184.0,83.0,0.9335412,166.0,70.0,0.5378494,168.0,71.0,0.5518657,72.0,121.0,0.714874,71.0,130.0,0.6582757,133.0,114.0,0.62033874,144.0,138.0,0.88088137,104.0,166.0,0.49608567,109.0,201.0,0.8616222
182.jpg,155.0,51.0,0.7400533,157.0,46.0,0.72443724,151.0,43.0,0.86109424,148.0,43.0,0.6377152,132.0,37.0,0.6340126,121.0,56.0,0.74906224,128.0,66.0,0.78958845,141.0,74.0,0.22253057,183.0,83.0,0.9433632,166.0,70.0,0.56221175,168.0,71.0,0.5426061,71.0,122.0,0.6687233,69.0,131.0,0.80698806,134.0,115.0,0.6938402,143.0,138.0,0.8512774,105.0,165.0,0.4678558,109.0,202.0,0.8312747
183.jpg,101.0,73.0,0.76726574,106.0,68.0,0.606425,96.0,68.0,0.5306422,112.0,70.0,0.7736706,90.0,70.0,0.7817563,121.0,82.0,0.82609725,80.0,84.0,0.80686307,134.0,88.0,0.70400304,77.0,89.0,0.6787231,104.0,91.0,0.26731122,110.0,95.0,0.5452092,114.0,136.0,0.8073647,91.0,136.0,0.80879986,125.0,155.0,0.61462986,77.0,152.0,0.727888,124.0,195.0,0.77704144,80.0,195.0,0.7114667
184.jpg,102.0,72.0,0.66073155,106.0,67.0,0.6828132,97.0,68.0,0.70596296,112.0,69.0,0.7145919,91.0,69.0,0.7111609,121.0,82.0,0.8144917,81.0,84.0,0.80256295,135.0,88.0,0.65918237,78.0,88.0,0.70453763,106.0,90.0,0.22884002,111.0,94.0,0.6002857,115.0,136.0,0.82845366,91.0,135.0,0.6781981,126.0,155.0,0.48104218,77.0,152.0,0.7101345,125.0,194.0,0.7626318,81.0,194.0,0.8846556
185.jpg,102.0,72.0,0.6424339,106.0,68.0,0.7219222,97.0,68.0,0.7392746,112.0,69.0,0.71482646,91.0,69.0,0.7073529,121.0,82.0,0.8385116,81.0,84.0,0.80516994,135.0,89.0,0.6511456,77.0,89.0,0.6993978,105.0,90.0,0.2224637,111.0,94.0,0.578614,115.0,136.0,0.83857065,91.0,136.0,0.8046701,125.0,155.0,0.5386143,77.0,152.0,0.7150131,124.0,194.0,0.7550944,81.0,194.0,0.80641353
186.jpg,157.0,57.0,0.70414984,157.0,50.0,0.7756193,157.0,50.0,0.8321988,142.0,43.0,0.7591222,141.0,43.0,0.8132084,122.0,59.0,0.7179743,128.0,69.0,0.5201355,153.0,78.0,0.3492363,182.0,86.0,0.93124115,165.0,72.0,0.42104372,167.0,72.0,0.36208203,71.0,124.0,0.6132007,71.0,135.0,0.71284163,134.0,113.0,0.63235,144.0,139.0,0.85596657,103.0,166.0,0.53153783,110.0,202.0,0.8944621
187.jpg,157.0,56.0,0.6664073,157.0,49.0,0.7247863,157.0,50.0,0.7726306,143.0,42.0,0.7619828,143.0,43.0,0.81669235,122.0,60.0,0.696135,128.0,69.0,0.5322847,152.0,80.0,0.38208288,182.0,86.0,0.9256661,164.0,73.0,0.40716428,166.0,73.0,0.29784548,71.0,125.0,0.57515323,71.0,135.0,0.7242598,133.0,114.0,0.6267822,144.0,139.0,0.8502085,104.0,166.0,0.57118225,109.0,202.0,0.8841544
188.jpg,157.0,56.0,0.6019463,158.0,49.0,0.69878876,158.0,49.0,0.7187057,145.0,42.0,0.7517152,143.0,43.0,0.57204366,121.0,58.0,0.7192968,128.0,69.0,0.7590368,149.0,78.0,0.2873016,182.0,86.0,0.93556833,163.0,72.0,0.36118275,165.0,72.0,0.37634453,70.0,125.0,0.5646901,71.0,135.0,0.67233205,133.0,114.0,0.63030136,144.0,139.0,0.8597796,104.0,167.0,0.54674524,110.0,202.0,0.89305055
189.jpg,102.0,72.0,0.7822676,107.0,68.0,0.675271,98.0,68.0,0.4948045,113.0,70.0,0.82967913,91.0,69.0,0.7808754,121.0,83.0,0.78049445,81.0,84.0,0.8041481,135.0,89.0,0.6840836,78.0,89.0,0.68408805,105.0,90.0,0.25117332,112.0,94.0,0.46622777,114.0,136.0,0.8005639,91.0,136.0,0.70664835,125.0,154.0,0.7752553,77.0,151.0,0.7856678,124.0,194.0,0.8884766,80.0,194.0,0.75854343
190.jpg,102.0,73.0,0.8003925,107.0,68.0,0.626889,97.0,68.0,0.5163198,113.0,70.0,0.7926041,91.0,69.0,0.75631106,122.0,83.0,0.8103348,80.0,84.0,0.59144235,135.0,89.0,0.7016273,78.0,89.0,0.72987396,105.0,90.0,0.22641194,111.0,95.0,0.48449388,115.0,137.0,0.8349521,91.0,136.0,0.7763778,125.0,154.0,0.7970158,77.0,152.0,0.85223246,124.0,195.0,0.92081136,80.0,194.0,0.7562742
191.jpg,158.0,54.0,0.4579577,158.0,48.0,0.56043154,158.0,48.0,0.56567925,145.0,42.0,0.76376534,144.0,43.0,0.6776968,120.0,57.0,0.697588,129.0,70.0,0.6385291,150.0,78.0,0.24199781,181.0,86.0,0.95149875,164.0,71.0,0.3282168,165.0,71.0,0.3805723,68.0,125.0,0.6637494,72.0,135.0,0.72220576,132.0,114.0,0.68836623,144.0,139.0,0.8298485,104.0,167.0,0.65580165,110.0,201.0,0.90477395
192.jpg,157.0,57.0,0.5925854,158.0,49.0,0.72838736,158.0,50.0,0.740391,146.0,42.0,0.7601058,145.0,43.0,0.826,122.0,58.0,0.76854485,128.0,69.0,0.7633961,153.0,80.0,0.33098397,182.0,86.0,0.9344014,163.0,72.0,0.40499794,165.0,72.0,0.3414464,69.0,125.0,0.68653643,71.0,134.0,0.712193,133.0,114.0,0.5952203,144.0,139.0,0.83879805,103.0,167.0,0.62788,109.0,202.0,0.8652021
193.jpg,157.0,56.0,0.7224618,157.0,50.0,0.76260865,158.0,51.0,0.772019,145.0,43.0,0.8198036,144.0,44.0,0.6912206,121.0,58.0,0.7287524,129.0,69.0,0.5608099,149.0,79.0,0.34394217,181.0,86.0,0.9581233,164.0,72.0,0.39260757,166.0,71.0,0.4218722,68.0,125.0,0.64899516,69.0,136.0,0.76886284,132.0,113.0,0.66724306,144.0,139.0,0.85715693,103.0,167.0,0.61792123,110.0,201.0,0.90835476
194.jpg,157.0,57.0,0.68448865,157.0,51.0,0.70533925,157.0,51.0,0.7446393,145.0,44.0,0.77856237,144.0,45.0,0.74847496,120.0,58.0,0.71017045,129.0,70.0,0.5277597,149.0,79.0,0.35063106,182.0,86.0,0.9591805,163.0,72.0,0.5398769,167.0,74.0,0.3634603,68.0,127.0,0.7190453,70.0,136.0,0.7937772,132.0,114.0,0.6649595,144.0,139.0,0.86915606,105.0,166.0,0.55734456,110.0,201.0,0.88687724
195.jpg,102.0,72.0,0.689418,107.0,67.0,0.6750544,98.0,68.0,0.6568633,113.0,69.0,0.7153503,92.0,68.0,0.66953754,122.0,82.0,0.84095407,81.0,84.0,0.79663944,134.0,88.0,0.7000815,77.0,88.0,0.7932534,105.0,90.0,0.1996027,111.0,95.0,0.68113995,116.0,136.0,0.800145,92.0,136.0,0.79547447,125.0,155.0,0.6207771,78.0,151.0,0.8320049,125.0,194.0,0.9296731,80.0,193.0,0.8446249
196.jpg,102.0,72.0,0.6807223,107.0,68.0,0.7894087,97.0,68.0,0.6652693,113.0,70.0,0.8564514,91.0,69.0,0.70145184,122.0,83.0,0.81533146,81.0,84.0,0.80158216,134.0,88.0,0.76627433,77.0,88.0,0.7690878,103.0,90.0,0.20825258,110.0,94.0,0.60333127,116.0,135.0,0.8056179,92.0,135.0,0.70384425,125.0,155.0,0.6718709,78.0,152.0,0.8001267,125.0,195.0,0.91930175,80.0,194.0,0.8684836
197.jpg,102.0,72.0,0.6807223,107.0,68.0,0.7894087,97.0,68.0,0.6652693,113.0,70.0,0.8564514,91.0,69.0,0.70145184,122.0,83.0,0.81533146,81.0,84.0,0.80158216,134.0,88.0,0.76627433,77.0,88.0,0.7690878,103.0,90.0,0.20825258,110.0,94.0,0.60333127,116.0,135.0,0.8056179,92.0,135.0,0.70384425,125.0,155.0,0.6718709,78.0,152.0,0.8001267,125.0,195.0,0.91930175,80.0,194.0,0.8684836
201.jpg,102.0,71.0,0.76515114,107.0,66.0,0.7029819,97.0,66.0,0.5931922,113.0,68.0,0.8772454,91.0,68.0,0.7252354,121.0,81.0,0.7928402,80.0,82.0,0.8003543,133.0,87.0,0.74438727,77.0,87.0,0.7597511,104.0,88.0,0.25810325,112.0,93.0,0.49996352,115.0,135.0,0.8396164,91.0,135.0,0.75254524,125.0,154.0,0.691698,78.0,151.0,0.6853379,124.0,195.0,0.90172,79.0,194.0,0.86411005
202.jpg,102.0,70.0,0.6638739,107.0,65.0,0.69630504,97.0,65.0,0.67512244,112.0,68.0,0.8273747,91.0,66.0,0.73681206,121.0,80.0,0.814861,80.0,82.0,0.8045175,134.0,86.0,0.709103,78.0,86.0,0.66452235,104.0,87.0,0.20328593,111.0,91.0,0.50986373,115.0,135.0,0.78374124,91.0,135.0,0.79401976,125.0,154.0,0.65846187,78.0,151.0,0.6972756,124.0,195.0,0.91492736,80.0,194.0,0.8506339
207.jpg,101.0,70.0,0.8036657,106.0,66.0,0.6189896,97.0,66.0,0.53384876,112.0,67.0,0.80193967,90.0,67.0,0.79312545,122.0,80.0,0.8418374,80.0,82.0,0.7877488,133.0,87.0,0.547022,76.0,86.0,0.7992582,103.0,88.0,0.2312122,109.0,92.0,0.60726565,115.0,135.0,0.85027134,91.0,135.0,0.79824996,124.0,155.0,0.7170451,77.0,151.0,0.75380147,123.0,195.0,0.9021722,81.0,194.0,0.9211514
208.jpg,101.0,70.0,0.7302961,106.0,66.0,0.7294053,97.0,66.0,0.6791061,113.0,68.0,0.79524326,91.0,67.0,0.7799971,121.0,81.0,0.84615254,80.0,82.0,0.7490796,133.0,87.0,0.661221,77.0,86.0,0.72236115,105.0,88.0,0.19682235,109.0,91.0,0.621997,115.0,136.0,0.85747707,91.0,136.0,0.81186426,123.0,154.0,0.63246816,78.0,151.0,0.7734597,123.0,194.0,0.918456,82.0,194.0,0.9309995
209.jpg,102.0,71.0,0.7757716,107.0,66.0,0.67891717,97.0,66.0,0.5961094,113.0,68.0,0.77415025,91.0,68.0,0.7870059,122.0,81.0,0.83621264,81.0,83.0,0.75884783,132.0,87.0,0.74102265,77.0,87.0,0.8087168,102.0,88.0,0.2110652,110.0,92.0,0.56006676,115.0,136.0,0.85130095,91.0,136.0,0.8182709,123.0,155.0,0.6885304,78.0,152.0,0.769938,123.0,195.0,0.9021336,82.0,195.0,0.93147206
21.jpg,98.0,51.0,0.7426376,103.0,46.0,0.8207873,94.0,47.0,0.78635085,109.0,50.0,0.77226937,88.0,50.0,0.86074996,118.0,69.0,0.71103024,77.0,69.0,0.77362746,126.0,81.0,0.7295253,73.0,80.0,0.74092066,96.0,77.0,0.50483793,110.0,81.0,0.4802692,110.0,116.0,0.7857268,88.0,116.0,0.7752695,130.0,130.0,0.86650056,72.0,127.0,0.84010905,125.0,163.0,0.8981656,74.0,166.0,0.88989156
213.jpg,101.0,71.0,0.80658937,106.0,66.0,0.44565684,97.0,66.0,0.4353525,113.0,68.0,0.7741964,91.0,68.0,0.8433206,121.0,81.0,0.8173344,80.0,83.0,0.6008437,132.0,87.0,0.7652214,77.0,87.0,0.72202444,105.0,89.0,0.21805957,111.0,93.0,0.50424516,115.0,136.0,0.8352038,91.0,136.0,0.81839734,127.0,154.0,0.81121457,77.0,152.0,0.6738454,123.0,195.0,0.89856565,82.0,195.0,0.87524736
214.jpg,102.0,71.0,0.78801215,106.0,66.0,0.6766916,97.0,66.0,0.5883265,112.0,69.0,0.855865,91.0,67.0,0.7898563,121.0,81.0,0.7996291,80.0,83.0,0.8113166,133.0,86.0,0.75770354,77.0,87.0,0.6929547,106.0,88.0,0.19505295,108.0,91.0,0.67563546,115.0,136.0,0.8228321,91.0,135.0,0.7958499,128.0,154.0,0.8185327,76.0,152.0,0.8299552,123.0,195.0,0.8805623,82.0,194.0,0.8963179
219.jpg,102.0,69.0,0.7482064,107.0,65.0,0.63307595,98.0,65.0,0.65786266,113.0,67.0,0.8089532,91.0,66.0,0.8057804,121.0,80.0,0.7884383,80.0,81.0,0.8114116,133.0,86.0,0.76701,78.0,86.0,0.7271304,109.0,87.0,0.19571102,112.0,91.0,0.52646065,115.0,135.0,0.8299527,91.0,135.0,0.6527686,129.0,156.0,0.8787838,76.0,152.0,0.8134775,123.0,195.0,0.8760762,82.0,194.0,0.89605534
22.jpg,98.0,51.0,0.5500816,103.0,47.0,0.82667625,94.0,47.0,0.79798424,109.0,50.0,0.7937706,88.0,50.0,0.8601149,118.0,69.0,0.7114531,77.0,68.0,0.6323977,126.0,80.0,0.7318208,73.0,80.0,0.68137574,95.0,77.0,0.42170635,110.0,82.0,0.47311267,110.0,116.0,0.7680087,88.0,116.0,0.7621095,130.0,130.0,0.8507647,73.0,127.0,0.8210916,126.0,163.0,0.89037526,74.0,166.0,0.8966489
220.jpg,102.0,69.0,0.7348738,107.0,65.0,0.67710793,98.0,65.0,0.7138788,113.0,68.0,0.78353417,92.0,66.0,0.7063432,121.0,80.0,0.7931717,81.0,82.0,0.80434877,134.0,85.0,0.72059345,78.0,85.0,0.6516344,104.0,86.0,0.25472146,112.0,91.0,0.5768686,116.0,135.0,0.8113581,91.0,135.0,0.68539983,129.0,154.0,0.84786534,76.0,152.0,0.9184972,124.0,195.0,0.8943511,83.0,194.0,0.86844695
221.jpg,102.0,69.0,0.6205805,107.0,65.0,0.6872438,97.0,65.0,0.7007134,113.0,68.0,0.8070131,92.0,67.0,0.7768787,121.0,80.0,0.8039186,81.0,82.0,0.7968441,133.0,86.0,0.7385155,77.0,86.0,0.69755137,105.0,87.0,0.22582597,109.0,91.0,0.6539106,115.0,135.0,0.8063458,92.0,135.0,0.79805505,129.0,153.0,0.7883046,76.0,152.0,0.75718045,123.0,194.0,0.85110724,83.0,193.0,0.9193307
225.jpg,102.0,72.0,0.7283953,106.0,67.0,0.7260427,97.0,67.0,0.69899184,113.0,69.0,0.8323858,91.0,69.0,0.795652,122.0,82.0,0.8241057,80.0,83.0,0.76201606,132.0,88.0,0.69732976,77.0,88.0,0.68792427,105.0,89.0,0.22450757,112.0,94.0,0.5745897,115.0,137.0,0.8123255,91.0,137.0,0.8024997,129.0,154.0,0.73636436,75.0,151.0,0.73843265,123.0,195.0,0.89019144,82.0,194.0,0.90031815
226.jpg,102.0,72.0,0.7678848,107.0,68.0,0.7056272,97.0,68.0,0.6106645,113.0,70.0,0.8210653,91.0,69.0,0.7640369,121.0,82.0,0.78513587,81.0,84.0,0.8063042,133.0,88.0,0.7631005,77.0,88.0,0.69294685,106.0,90.0,0.2160446,108.0,93.0,0.6605451,115.0,137.0,0.74737054,92.0,136.0,0.7943379,129.0,155.0,0.81319386,76.0,151.0,0.8411362,124.0,195.0,0.8689511,83.0,194.0,0.9152026
231.jpg,102.0,76.0,0.71829873,107.0,72.0,0.6543958,98.0,72.0,0.6125402,112.0,73.0,0.7622576,91.0,73.0,0.67487687,123.0,86.0,0.82466567,80.0,88.0,0.7601651,134.0,92.0,0.7173468,77.0,93.0,0.7577108,105.0,94.0,0.21086797,111.0,98.0,0.52890116,115.0,139.0,0.7022902,92.0,139.0,0.7581632,129.0,155.0,0.6624624,76.0,152.0,0.71279854,124.0,194.0,0.7092197,83.0,194.0,0.9207342
232.jpg,101.0,76.0,0.763538,106.0,72.0,0.7152709,96.0,72.0,0.68115455,112.0,74.0,0.78370327,91.0,73.0,0.72649205,121.0,87.0,0.8310256,80.0,89.0,0.7914468,133.0,93.0,0.70393187,76.0,93.0,0.73371387,102.0,94.0,0.2454142,110.0,97.0,0.47982,114.0,139.0,0.76700413,91.0,139.0,0.6866511,128.0,154.0,0.78647846,76.0,152.0,0.77781624,124.0,195.0,0.7060327,83.0,193.0,0.91924715
233.jpg,101.0,76.0,0.763538,106.0,72.0,0.7152709,96.0,72.0,0.68115455,112.0,74.0,0.78370327,91.0,73.0,0.72649205,121.0,87.0,0.8310256,80.0,89.0,0.7914468,133.0,93.0,0.70393187,76.0,93.0,0.73371387,102.0,94.0,0.2454142,110.0,97.0,0.47982,114.0,139.0,0.76700413,91.0,139.0,0.6866511,128.0,154.0,0.78647846,76.0,152.0,0.77781624,124.0,195.0,0.7060327,83.0,193.0,0.91924715
234.jpg,156.0,43.0,0.83494973,159.0,37.0,0.9143747,150.0,34.0,0.76315224,153.0,37.0,0.6707015,132.0,32.0,0.72713894,125.0,53.0,0.8238733,132.0,65.0,0.8338336,145.0,69.0,0.16974598,187.0,83.0,0.9093727,163.0,64.0,0.25953817,169.0,65.0,0.60433495,75.0,118.0,0.641591,72.0,130.0,0.7960002,135.0,116.0,0.71261805,145.0,141.0,0.93335557,104.0,166.0,0.6281192,110.0,202.0,0.83703095
235.jpg,157.0,42.0,0.70311916,160.0,36.0,0.8736149,151.0,34.0,0.87354565,154.0,36.0,0.59076023,132.0,32.0,0.7788019,126.0,52.0,0.8194088,133.0,64.0,0.70297897,148.0,68.0,0.2013312,188.0,83.0,0.94104964,166.0,61.0,0.46831608,170.0,64.0,0.6064408,77.0,117.0,0.62759024,72.0,129.0,0.7846098,136.0,116.0,0.7556343,145.0,141.0,0.88973093,106.0,164.0,0.41771123,110.0,202.0,0.863704
236.jpg,157.0,41.0,0.6568754,160.0,35.0,0.7530956,151.0,33.0,0.9083545,155.0,35.0,0.64437723,133.0,30.0,0.73028904,126.0,51.0,0.8611183,135.0,62.0,0.7707104,148.0,68.0,0.21044606,188.0,82.0,0.909542,164.0,62.0,0.29488075,170.0,65.0,0.55909073,77.0,116.0,0.5952822,73.0,128.0,0.82213014,135.0,116.0,0.7375468,145.0,141.0,0.88489044,105.0,164.0,0.40348,110.0,202.0,0.8584593
237.jpg,100.0,77.0,0.592701,105.0,73.0,0.86370283,96.0,73.0,0.77314377,111.0,74.0,0.8171524,90.0,74.0,0.7033297,121.0,87.0,0.8287934,79.0,89.0,0.6786699,132.0,92.0,0.7673532,76.0,94.0,0.7278587,104.0,95.0,0.25425324,108.0,99.0,0.5126556,114.0,139.0,0.726692,91.0,140.0,0.7433937,130.0,155.0,0.87992865,76.0,152.0,0.82097363,124.0,195.0,0.7270996,83.0,193.0,0.9213531
238.jpg,99.0,77.0,0.5609597,104.0,73.0,0.8381775,95.0,73.0,0.7097167,110.0,74.0,0.82139295,89.0,74.0,0.7654617,120.0,87.0,0.76969135,79.0,89.0,0.56263846,131.0,93.0,0.7978189,75.0,95.0,0.68488306,102.0,94.0,0.2986924,107.0,98.0,0.6618594,114.0,139.0,0.8116978,90.0,139.0,0.75791335,128.0,155.0,0.8383387,76.0,152.0,0.731172,124.0,194.0,0.7981784,82.0,193.0,0.9159364
239.jpg,159.0,37.0,0.85098493,164.0,30.0,0.8076005,154.0,28.0,0.72323775,160.0,29.0,0.7064454,135.0,25.0,0.7102092,129.0,45.0,0.83269227,138.0,59.0,0.69063014,147.0,60.0,0.2250695,191.0,79.0,0.9326268,170.0,58.0,0.57980645,174.0,62.0,0.5006357,77.0,113.0,0.6250534,75.0,125.0,0.7494898,137.0,116.0,0.5527095,147.0,141.0,0.95114064,105.0,165.0,0.5159716,110.0,202.0,0.863989
240.jpg,162.0,35.0,0.8159757,166.0,28.0,0.81924397,156.0,26.0,0.9066059,163.0,27.0,0.67239165,138.0,23.0,0.8585931,131.0,43.0,0.80049014,141.0,57.0,0.70415705,150.0,61.0,0.25276712,193.0,79.0,0.88819855,173.0,58.0,0.61623716,176.0,63.0,0.43333092,78.0,111.0,0.6522672,73.0,123.0,0.86125225,138.0,117.0,0.7922734,148.0,142.0,0.83919644,106.0,165.0,0.6346117,110.0,202.0,0.863773
241.jpg,162.0,35.0,0.7887563,167.0,27.0,0.7061725,156.0,25.0,0.7694577,164.0,26.0,0.6882901,139.0,22.0,0.7822752,133.0,42.0,0.8553158,139.0,55.0,0.7543868,150.0,58.0,0.27685094,194.0,79.0,0.86569715,173.0,57.0,0.49110276,177.0,65.0,0.39223963,82.0,110.0,0.65590274,76.0,121.0,0.80026555,139.0,116.0,0.5468915,148.0,141.0,0.88219917,106.0,166.0,0.69098735,111.0,201.0,0.8070047
242.jpg,163.0,35.0,0.7703543,168.0,28.0,0.62262625,158.0,25.0,0.8896575,164.0,27.0,0.57869464,139.0,22.0,0.7584735,134.0,41.0,0.84941757,140.0,54.0,0.5956796,147.0,59.0,0.25679684,193.0,81.0,0.89086604,167.0,60.0,0.25167906,178.0,65.0,0.51909757,81.0,109.0,0.63855106,76.0,121.0,0.81047964,139.0,115.0,0.6260348,148.0,142.0,0.83503824,106.0,167.0,0.6491083,110.0,202.0,0.8692486
243.jpg,97.0,75.0,0.61543745,102.0,71.0,0.69604653,93.0,71.0,0.7031508,108.0,72.0,0.72762513,88.0,72.0,0.67113733,119.0,83.0,0.7798541,79.0,87.0,0.73580784,129.0,90.0,0.78079015,73.0,93.0,0.78232324,104.0,91.0,0.33765316,106.0,96.0,0.659263,113.0,139.0,0.83876634,91.0,139.0,0.84529495,126.0,156.0,0.7361262,75.0,152.0,0.7805644,123.0,195.0,0.90422946,82.0,194.0,0.88546634
244.jpg,97.0,75.0,0.78561914,102.0,71.0,0.457974,93.0,71.0,0.40504125,108.0,72.0,0.86976206,88.0,72.0,0.81351376,118.0,83.0,0.7469963,78.0,86.0,0.600722,128.0,89.0,0.7851865,74.0,92.0,0.75161135,105.0,92.0,0.26252496,106.0,95.0,0.6870091,113.0,138.0,0.7989707,91.0,139.0,0.8293852,127.0,156.0,0.8612964,75.0,152.0,0.7880297,123.0,194.0,0.91595626,82.0,194.0,0.89954686
245.jpg,97.0,75.0,0.75850916,102.0,71.0,0.54107463,93.0,71.0,0.4501232,108.0,72.0,0.8374394,88.0,72.0,0.80821884,119.0,83.0,0.7458765,78.0,87.0,0.6459939,129.0,89.0,0.746634,74.0,92.0,0.7296442,103.0,92.0,0.2905935,106.0,95.0,0.6815518,114.0,139.0,0.8194905,91.0,139.0,0.819791,126.0,156.0,0.78396857,76.0,150.0,0.81565166,123.0,194.0,0.903333,82.0,193.0,0.8993604
246.jpg,168.0,47.0,0.611189,173.0,41.0,0.6996449,163.0,37.0,0.8419472,170.0,40.0,0.77475965,146.0,33.0,0.73061115,139.0,52.0,0.77080166,143.0,67.0,0.8001531,163.0,73.0,0.17853624,194.0,99.0,0.9020808,176.0,74.0,0.31333503,179.0,78.0,0.5249252,79.0,114.0,0.6721847,75.0,124.0,0.77485037,140.0,119.0,0.5531452,148.0,142.0,0.7195169,107.0,167.0,0.61097765,110.0,203.0,0.86156154
247.jpg,170.0,48.0,0.7656534,175.0,42.0,0.83500135,165.0,39.0,0.8382461,174.0,42.0,0.6788695,148.0,34.0,0.7702329,140.0,51.0,0.84184885,147.0,70.0,0.86518836,158.0,72.0,0.20720586,194.0,103.0,0.8675599,178.0,74.0,0.4061899,181.0,80.0,0.48099065,78.0,113.0,0.64773464,76.0,125.0,0.8095726,139.0,117.0,0.56135756,148.0,143.0,0.8801995,107.0,167.0,0.6957075,110.0,203.0,0.8632262
248.jpg,170.0,48.0,0.7656534,175.0,42.0,0.83500135,165.0,39.0,0.8382461,174.0,42.0,0.6788695,148.0,34.0,0.7702329,140.0,51.0,0.84184885,147.0,70.0,0.86518836,158.0,72.0,0.20720586,194.0,103.0,0.8675599,178.0,74.0,0.4061899,181.0,80.0,0.48099065,78.0,113.0,0.64773464,76.0,125.0,0.8095726,139.0,117.0,0.56135756,148.0,143.0,0.8801995,107.0,167.0,0.6957075,110.0,203.0,0.8632262
249.jpg,97.0,79.0,0.68127805,102.0,75.0,0.7929175,93.0,75.0,0.6915936,108.0,76.0,0.84333485,88.0,75.0,0.7763547,119.0,89.0,0.7828306,79.0,90.0,0.79621255,128.0,95.0,0.6423791,74.0,98.0,0.59655434,100.0,97.0,0.2673552,107.0,102.0,0.5338173,114.0,138.0,0.7533932,91.0,138.0,0.7130092,125.0,157.0,0.47890782,77.0,151.0,0.74084866,123.0,194.0,0.716311,82.0,193.0,0.7899284
250.jpg,97.0,79.0,0.68127805,102.0,75.0,0.7929175,93.0,75.0,0.6915936,108.0,76.0,0.84333485,88.0,75.0,0.7763547,119.0,89.0,0.7828306,79.0,90.0,0.79621255,128.0,95.0,0.6423791,74.0,98.0,0.59655434,100.0,97.0,0.2673552,107.0,102.0,0.5338173,114.0,138.0,0.7533932,91.0,138.0,0.7130092,125.0,157.0,0.47890782,77.0,151.0,0.74084866,123.0,194.0,0.716311,82.0,193.0,0.7899284
255.jpg,98.0,76.0,0.65727884,103.0,72.0,0.81822217,93.0,72.0,0.80365443,109.0,73.0,0.80118704,88.0,72.0,0.7456627,121.0,87.0,0.7765638,80.0,86.0,0.73814803,128.0,95.0,0.501389,71.0,97.0,0.572197,95.0,96.0,0.3527474,105.0,100.0,0.69451696,115.0,134.0,0.8452805,92.0,134.0,0.8159092,124.0,156.0,0.61094016,78.0,152.0,0.78283465,124.0,195.0,0.87139964,83.0,195.0,0.900737
256.jpg,98.0,75.0,0.71941674,103.0,71.0,0.7717509,93.0,71.0,0.7948511,109.0,72.0,0.7918807,88.0,71.0,0.7844219,121.0,87.0,0.7651253,80.0,85.0,0.75080776,128.0,95.0,0.51540065,72.0,96.0,0.617912,97.0,96.0,0.29372644,108.0,100.0,0.49095038,115.0,134.0,0.8359624,91.0,134.0,0.76504946,125.0,156.0,0.7232485,77.0,152.0,0.8762778,124.0,194.0,0.90708077,83.0,194.0,0.81810164
257.jpg,98.0,73.0,0.7849976,103.0,68.0,0.63670397,94.0,68.0,0.5652487,109.0,69.0,0.8023694,89.0,69.0,0.75242877,122.0,84.0,0.78568906,81.0,83.0,0.78559947,128.0,91.0,0.7096729,71.0,94.0,0.60210043,98.0,94.0,0.2836184,105.0,98.0,0.5437266,115.0,132.0,0.8627882,91.0,132.0,0.6457926,122.0,155.0,0.81534106,77.0,152.0,0.8122189,123.0,195.0,0.773638,84.0,194.0,0.8439839
261.jpg,101.0,55.0,0.7414347,106.0,50.0,0.82497853,97.0,50.0,0.76778173,113.0,51.0,0.7837414,91.0,51.0,0.64837074,123.0,67.0,0.8143818,82.0,68.0,0.79331875,133.0,74.0,0.70475173,74.0,78.0,0.64131796,105.0,77.0,0.23821518,113.0,78.0,0.5576315,116.0,121.0,0.837468,92.0,121.0,0.85235316,123.0,155.0,0.7858999,77.0,151.0,0.70667076,123.0,195.0,0.6365441,84.0,194.0,0.83652323
262.jpg,101.0,55.0,0.7414347,106.0,50.0,0.82497853,97.0,50.0,0.76778173,113.0,51.0,0.7837414,91.0,51.0,0.64837074,123.0,67.0,0.8143818,82.0,68.0,0.79331875,133.0,74.0,0.70475173,74.0,78.0,0.64131796,105.0,77.0,0.23821518,113.0,78.0,0.5576315,116.0,121.0,0.837468,92.0,121.0,0.85235316,123.0,155.0,0.7858999,77.0,151.0,0.70667076,123.0,195.0,0.6365441,84.0,194.0,0.83652323
267.jpg,106.0,25.0,0.842943,111.0,20.0,0.6510389,102.0,20.0,0.62110007,118.0,22.0,0.8592991,95.0,22.0,0.8420975,130.0,40.0,0.8134823,83.0,42.0,0.7774396,136.0,46.0,0.42497656,78.0,53.0,0.7956754,110.0,51.0,0.35732472,118.0,53.0,0.53064364,120.0,106.0,0.9213668,93.0,106.0,0.93428206,128.0,155.0,0.8401972,80.0,150.0,0.87794006,123.0,195.0,0.7955024,84.0,193.0,0.8575007
268.jpg,108.0,18.0,0.56983817,113.0,13.0,0.771031,103.0,13.0,0.5573543,119.0,16.0,0.76450783,97.0,16.0,0.794837,130.0,35.0,0.7952994,84.0,37.0,0.85390985,141.0,42.0,0.7951944,80.0,50.0,0.8028223,118.0,44.0,0.2543428,117.0,46.0,0.57380354,121.0,102.0,0.92992663,93.0,102.0,0.942958,128.0,153.0,0.6972542,82.0,150.0,0.7507508,124.0,195.0,0.9245701,85.0,194.0,0.88007534
269.jpg,108.0,16.0,0.74682975,113.0,11.0,0.8556245,103.0,11.0,0.75630295,120.0,14.0,0.7920313,97.0,14.0,0.64729375,130.0,34.0,0.7400533,85.0,34.0,0.828117,142.0,41.0,0.7354204,80.0,48.0,0.7154063,113.0,40.0,0.3520947,119.0,43.0,0.5064572,121.0,101.0,0.90025115,93.0,101.0,0.9476075,129.0,153.0,0.75622314,82.0,149.0,0.7762147,124.0,195.0,0.7968889,84.0,193.0,0.91209793
27.jpg,98.0,50.0,0.52970904,103.0,46.0,0.8603447,94.0,46.0,0.83277845,109.0,49.0,0.8487651,88.0,49.0,0.8939911,119.0,67.0,0.76364017,77.0,67.0,0.71884257,125.0,80.0,0.7042841,73.0,79.0,0.78012514,95.0,76.0,0.39022413,111.0,81.0,0.48760143,110.0,115.0,0.71719193,87.0,115.0,0.6855931,129.0,129.0,0.90562797,73.0,127.0,0.8433697,126.0,162.0,0.89880794,74.0,167.0,0.8304503
28.jpg,98.0,50.0,0.5316692,103.0,46.0,0.8713017,94.0,46.0,0.8366973,109.0,48.0,0.8729031,88.0,48.0,0.88123834,119.0,68.0,0.7453173,77.0,67.0,0.6658209,126.0,79.0,0.74162996,73.0,79.0,0.6961439,96.0,76.0,0.42400724,110.0,81.0,0.46541536,110.0,115.0,0.7497105,87.0,115.0,0.73051894,129.0,129.0,0.85973114,73.0,126.0,0.8202618,126.0,162.0,0.7922772,73.0,166.0,0.88122714
29.jpg,99.0,50.0,0.65255034,104.0,45.0,0.7917166,95.0,46.0,0.7649976,110.0,49.0,0.73845315,89.0,49.0,0.8504583,119.0,68.0,0.8250607,77.0,67.0,0.7506349,126.0,80.0,0.69007456,73.0,79.0,0.6814312,96.0,76.0,0.54693514,108.0,80.0,0.35937148,109.0,115.0,0.7996941,87.0,115.0,0.81277347,129.0,129.0,0.8871565,72.0,127.0,0.6502039,126.0,163.0,0.88752073,73.0,166.0,0.88043547
3.jpg,98.0,51.0,0.7795559,103.0,47.0,0.6316185,94.0,47.0,0.7243253,109.0,50.0,0.7567338,88.0,50.0,0.76240087,119.0,68.0,0.84198296,77.0,68.0,0.7848567,129.0,82.0,0.6069642,74.0,81.0,0.85572356,98.0,77.0,0.44039947,109.0,81.0,0.39825672,110.0,115.0,0.7679963,87.0,115.0,0.74209386,130.0,129.0,0.8102391,72.0,127.0,0.55131006,126.0,162.0,0.831724,74.0,166.0,0.9091638
33.jpg,100.0,49.0,0.741509,104.0,45.0,0.7235547,96.0,45.0,0.657956,111.0,48.0,0.83257794,90.0,48.0,0.7792183,119.0,67.0,0.7258794,79.0,66.0,0.6865346,127.0,80.0,0.67722094,74.0,79.0,0.8639668,99.0,75.0,0.40042633,109.0,80.0,0.53402174,110.0,115.0,0.74503034,87.0,114.0,0.70128316,130.0,130.0,0.8723147,73.0,127.0,0.84535336,126.0,162.0,0.8934443,74.0,165.0,0.8432181
34.jpg,99.0,49.0,0.82436436,104.0,45.0,0.6377509,95.0,45.0,0.55303514,111.0,49.0,0.8723177,90.0,48.0,0.7600291,120.0,68.0,0.766946,79.0,66.0,0.7086542,127.0,80.0,0.6071811,74.0,79.0,0.7937031,98.0,76.0,0.35680863,111.0,81.0,0.42807975,110.0,116.0,0.79685426,87.0,115.0,0.76754713,130.0,130.0,0.6499876,72.0,127.0,0.7027317,126.0,163.0,0.87485325,74.0,166.0,0.8066895
39.jpg,100.0,49.0,0.81736594,105.0,44.0,0.711861,96.0,45.0,0.63503337,111.0,48.0,0.8054729,90.0,48.0,0.73909533,120.0,68.0,0.8381127,79.0,67.0,0.70419,127.0,80.0,0.6420682,73.0,79.0,0.81725556,98.0,76.0,0.47090217,109.0,81.0,0.45609143,110.0,116.0,0.7697334,87.0,115.0,0.7680128,130.0,130.0,0.86332095,73.0,126.0,0.8270292,126.0,163.0,0.86287296,74.0,166.0,0.80835426
4.jpg,98.0,51.0,0.6358921,103.0,47.0,0.81915754,94.0,47.0,0.8238244,110.0,50.0,0.6880965,89.0,50.0,0.89187485,119.0,68.0,0.7393565,78.0,69.0,0.8015412,129.0,81.0,0.8026271,74.0,80.0,0.84364337,98.0,77.0,0.41473147,110.0,82.0,0.428676,110.0,115.0,0.7800112,88.0,114.0,0.7554376,130.0,128.0,0.79417115,73.0,126.0,0.6440411,127.0,162.0,0.797184,74.0,165.0,0.9124516
40.jpg,100.0,49.0,0.8020178,105.0,44.0,0.80150664,96.0,45.0,0.72688514,111.0,48.0,0.82203,90.0,48.0,0.82930416,121.0,68.0,0.84458303,79.0,67.0,0.7243922,127.0,81.0,0.59601545,74.0,79.0,0.7879263,97.0,76.0,0.38912928,111.0,82.0,0.47174168,110.0,116.0,0.7916765,87.0,115.0,0.7634609,130.0,129.0,0.8242054,73.0,126.0,0.8267697,126.0,163.0,0.8812587,74.0,165.0,0.850643
41.jpg,100.0,49.0,0.8444195,104.0,45.0,0.65056306,95.0,45.0,0.651816,111.0,49.0,0.90382755,90.0,48.0,0.81208014,120.0,69.0,0.7174562,79.0,67.0,0.7528223,127.0,81.0,0.6799928,73.0,80.0,0.80783975,95.0,76.0,0.41172135,110.0,82.0,0.4945697,110.0,116.0,0.78407025,87.0,115.0,0.78258324,130.0,130.0,0.8589889,72.0,127.0,0.7215986,126.0,162.0,0.85817033,74.0,166.0,0.8210778
45.jpg,100.0,49.0,0.7885797,105.0,45.0,0.7996626,96.0,45.0,0.74148726,111.0,48.0,0.8145714,90.0,48.0,0.7693591,120.0,69.0,0.8234626,79.0,67.0,0.7392999,128.0,81.0,0.7981422,74.0,80.0,0.75215065,98.0,77.0,0.40906388,111.0,81.0,0.4582,110.0,116.0,0.77929497,87.0,115.0,0.73292154,130.0,130.0,0.85277635,73.0,127.0,0.8727323,126.0,163.0,0.8895555,75.0,166.0,0.8302283
46.jpg,100.0,49.0,0.7982412,105.0,44.0,0.7173934,95.0,45.0,0.62198323,111.0,48.0,0.79655004,90.0,48.0,0.7592118,120.0,68.0,0.83421326,78.0,67.0,0.6986003,128.0,82.0,0.74379164,74.0,80.0,0.8546375,98.0,77.0,0.3900651,109.0,81.0,0.46496183,110.0,116.0,0.7805844,87.0,115.0,0.74783254,129.0,130.0,0.63507307,73.0,126.0,0.84038675,126.0,163.0,0.8698617,74.0,166.0,0.84582865
5.jpg,98.0,52.0,0.6356929,103.0,47.0,0.64777064,94.0,47.0,0.5707655,110.0,50.0,0.75096345,88.0,50.0,0.7827201,119.0,69.0,0.8350921,77.0,68.0,0.77720076,128.0,82.0,0.66349864,74.0,81.0,0.8512614,98.0,78.0,0.34943908,109.0,82.0,0.4579602,110.0,116.0,0.79803693,87.0,115.0,0.769036,130.0,129.0,0.8274797,73.0,127.0,0.7869706,126.0,162.0,0.824452,74.0,166.0,0.8937259
51.jpg,99.0,49.0,0.7320226,104.0,44.0,0.73084456,95.0,44.0,0.7464849,111.0,47.0,0.8033217,90.0,47.0,0.7808424,120.0,68.0,0.8359095,78.0,66.0,0.698447,127.0,80.0,0.69135267,74.0,78.0,0.7935016,98.0,77.0,0.33705616,108.0,80.0,0.5482669,110.0,115.0,0.80044204,87.0,114.0,0.76631176,130.0,132.0,0.8838611,73.0,127.0,0.8268224,126.0,163.0,0.866923,74.0,166.0,0.8602209
52.jpg,99.0,49.0,0.7787976,104.0,44.0,0.71106035,95.0,44.0,0.6914393,110.0,47.0,0.7819563,89.0,47.0,0.7710574,120.0,67.0,0.85934335,78.0,66.0,0.67086095,127.0,79.0,0.70286095,73.0,78.0,0.7955231,98.0,75.0,0.40458053,108.0,80.0,0.4694388,109.0,115.0,0.8048698,87.0,114.0,0.7719389,130.0,131.0,0.89463574,73.0,127.0,0.80846006,126.0,164.0,0.89411306,74.0,167.0,0.8311529
53.jpg,99.0,50.0,0.8015789,103.0,46.0,0.7398151,95.0,45.0,0.70993894,110.0,48.0,0.68655896,89.0,48.0,0.6386983,119.0,66.0,0.82368296,78.0,66.0,0.76204824,127.0,78.0,0.68960476,73.0,77.0,0.661359,98.0,75.0,0.41264826,107.0,79.0,0.58577156,109.0,115.0,0.8085427,86.0,114.0,0.7979537,130.0,130.0,0.92024446,72.0,127.0,0.7917998,126.0,164.0,0.9067035,74.0,167.0,0.8777179
57.jpg,99.0,52.0,0.80432034,104.0,48.0,0.6617505,95.0,48.0,0.5108605,110.0,49.0,0.79174924,89.0,49.0,0.812141,119.0,66.0,0.80943227,78.0,65.0,0.6775232,128.0,77.0,0.5952575,75.0,75.0,0.6342842,98.0,74.0,0.33194232,110.0,79.0,0.52033246,109.0,115.0,0.76245177,87.0,114.0,0.74878633,130.0,130.0,0.8908237,73.0,126.0,0.7774961,126.0,162.0,0.9038225,74.0,166.0,0.8434143
58.jpg,99.0,53.0,0.82039607,103.0,48.0,0.5903458,95.0,48.0,0.5205933,110.0,50.0,0.82609904,89.0,49.0,0.8364014,118.0,66.0,0.73205215,79.0,65.0,0.72184086,129.0,76.0,0.7435795,75.0,75.0,0.72521436,98.0,72.0,0.35584873,110.0,78.0,0.55488324,109.0,114.0,0.7401992,87.0,114.0,0.7571081,129.0,129.0,0.8690098,73.0,126.0,0.79924,126.0,163.0,0.8275902,74.0,166.0,0.8950615
60.jpg,65.0,2.0,0.27033812,60.0,1.0,0.20005375,66.0,1.0,0.23042557,79.0,-1.0,0.18384138,80.0,0.0,0.15680444,108.0,1.0,0.84068453,101.0,0.0,0.6877869,64.0,32.0,0.7957798,67.0,27.0,0.4131208,50.0,21.0,0.73469174,53.0,19.0,0.5306383,161.0,75.0,0.8842292,146.0,73.0,0.8062098,104.0,135.0,0.8650678,96.0,108.0,0.66190374,134.0,199.0,0.87383205,114.0,163.0,0.63219345
61.jpg,72.0,1.0,0.38833016,67.0,0.0,0.28030467,72.0,0.0,0.34605715,80.0,-1.0,0.2936581,82.0,0.0,0.27229506,107.0,2.0,0.74690163,105.0,0.0,0.69338983,57.0,33.0,0.733336,67.0,25.0,0.2591879,54.0,22.0,0.6608764,61.0,19.0,0.57926154,161.0,79.0,0.89699817,148.0,75.0,0.77167356,102.0,137.0,0.92795086,95.0,109.0,0.767818,134.0,199.0,0.89346766,114.0,164.0,0.6179877
62.jpg,72.0,1.0,0.42104965,74.0,-1.0,0.26795095,73.0,-1.0,0.2841817,90.0,-2.0,0.27324492,80.0,-1.0,0.27144182,109.0,8.0,0.71933633,106.0,6.0,0.72749186,51.0,33.0,0.8132372,58.0,30.0,0.26783463,64.0,22.0,0.17707747,76.0,20.0,0.25416243,162.0,84.0,0.85970366,148.0,78.0,0.6169856,101.0,138.0,0.9123537,93.0,108.0,0.7027253,134.0,200.0,0.87111354,113.0,164.0,0.769173
63.jpg,98.0,56.0,0.71712315,103.0,51.0,0.8499936,94.0,51.0,0.82021314,109.0,53.0,0.8739135,88.0,53.0,0.8227183,118.0,67.0,0.858127,78.0,67.0,0.7192985,128.0,72.0,0.69423443,72.0,71.0,0.7086415,100.0,70.0,0.28057468,107.0,74.0,0.6250115,110.0,117.0,0.74016625,87.0,116.0,0.7754862,128.0,128.0,0.8028292,73.0,125.0,0.7591871,126.0,162.0,0.8854718,75.0,165.0,0.855251
64.jpg,99.0,57.0,0.67221004,103.0,52.0,0.69146955,94.0,52.0,0.5647957,109.0,53.0,0.8972491,88.0,53.0,0.86034894,119.0,67.0,0.8670804,78.0,67.0,0.7430077,129.0,72.0,0.50006455,73.0,71.0,0.7340268,100.0,70.0,0.23674831,107.0,75.0,0.6312759,111.0,117.0,0.7439171,88.0,116.0,0.7552202,129.0,128.0,0.81821823,74.0,126.0,0.75140446,126.0,163.0,0.8544557,74.0,164.0,0.8499901
65.jpg,98.0,57.0,0.7207676,102.0,53.0,0.7158339,94.0,53.0,0.68800855,109.0,54.0,0.89524806,88.0,54.0,0.8709159,119.0,68.0,0.8634989,78.0,68.0,0.7724813,129.0,72.0,0.51681143,73.0,72.0,0.73777425,97.0,70.0,0.28847793,106.0,74.0,0.53950006,110.0,117.0,0.755694,88.0,117.0,0.7561802,129.0,129.0,0.81768894,73.0,127.0,0.8256203,126.0,162.0,0.85888696,74.0,164.0,0.87933004
66.jpg,76.0,19.0,0.8714646,83.0,11.0,0.79069674,72.0,12.0,0.91077775,101.0,10.0,0.8135972,75.0,13.0,0.70076877,110.0,38.0,0.7015078,104.0,36.0,0.65926117,48.0,55.0,0.85151327,70.0,49.0,0.1422537,80.0,38.0,0.39248955,83.0,40.0,0.46457425,162.0,105.0,0.8392312,144.0,98.0,0.60024285,96.0,145.0,0.8933456,88.0,110.0,0.75523555,133.0,199.0,0.9047266,113.0,170.0,0.72329354
67.jpg,76.0,24.0,0.59211195,84.0,15.0,0.77489054,73.0,17.0,0.8589952,101.0,14.0,0.84630626,75.0,17.0,0.8231083,111.0,43.0,0.759757,106.0,37.0,0.8130454,48.0,59.0,0.8142468,75.0,50.0,0.13937992,73.0,42.0,0.19977957,80.0,40.0,0.34092015,159.0,108.0,0.7510065,145.0,101.0,0.75761294,96.0,145.0,0.8964398,87.0,111.0,0.78137684,133.0,199.0,0.8050039,111.0,170.0,0.7806034
68.jpg,77.0,31.0,0.7255034,85.0,23.0,0.8696861,73.0,24.0,0.7846669,102.0,22.0,0.91240287,76.0,23.0,0.7915766,109.0,49.0,0.49647176,102.0,44.0,0.7520734,49.0,66.0,0.8448444,81.0,57.0,0.112193465,76.0,50.0,0.16850385,83.0,50.0,0.2482087,161.0,115.0,0.8101299,143.0,107.0,0.6456237,95.0,146.0,0.8161329,87.0,112.0,0.844262,134.0,200.0,0.8968751,112.0,170.0,0.6802097
69.jpg,98.0,57.0,0.7564821,102.0,52.0,0.8725422,93.0,52.0,0.8480241,108.0,53.0,0.79173523,88.0,53.0,0.742029,118.0,68.0,0.84616315,78.0,68.0,0.7455438,128.0,71.0,0.70660686,72.0,71.0,0.8057109,97.0,69.0,0.30685484,105.0,73.0,0.57849556,110.0,117.0,0.73942035,88.0,116.0,0.7707738,128.0,132.0,0.80437636,73.0,126.0,0.8213406,126.0,163.0,0.8871539,74.0,167.0,0.78177136
70.jpg,97.0,56.0,0.8103268,102.0,51.0,0.8052324,93.0,51.0,0.7747915,108.0,53.0,0.847962,88.0,52.0,0.77478063,117.0,67.0,0.8257713,78.0,67.0,0.7680949,128.0,70.0,0.53717256,72.0,71.0,0.64810324,98.0,69.0,0.3105393,104.0,73.0,0.5771518,109.0,116.0,0.7084406,87.0,116.0,0.6643727,128.0,131.0,0.8171936,73.0,126.0,0.82452047,125.0,162.0,0.8763542,74.0,166.0,0.87262535
71.jpg,80.0,41.0,0.6053709,87.0,34.0,0.7870469,75.0,35.0,0.75668806,104.0,34.0,0.76526487,77.0,36.0,0.8225715,112.0,60.0,0.7653577,104.0,56.0,0.6710187,52.0,74.0,0.7778901,84.0,70.0,0.15419975,75.0,59.0,0.30239344,81.0,60.0,0.31169346,161.0,125.0,0.8491703,144.0,117.0,0.62323314,95.0,146.0,0.6568429,85.0,111.0,0.5585869,133.0,199.0,0.8946278,107.0,167.0,0.6872135
72.jpg,80.0,42.0,0.68372905,87.0,34.0,0.6872609,76.0,36.0,0.85669804,104.0,35.0,0.7772105,78.0,37.0,0.6945098,112.0,61.0,0.7831625,105.0,56.0,0.6769761,52.0,75.0,0.84959567,83.0,69.0,0.14759454,75.0,62.0,0.29077563,81.0,61.0,0.30640072,161.0,127.0,0.85868067,144.0,118.0,0.6757385,95.0,146.0,0.6676167,86.0,111.0,0.72190773,133.0,199.0,0.8824661,108.0,167.0,0.64062893
73.jpg,80.0,43.0,0.72633874,88.0,35.0,0.6321595,76.0,36.0,0.8707677,104.0,36.0,0.8591248,78.0,37.0,0.70349485,113.0,62.0,0.75082266,104.0,56.0,0.70426834,52.0,75.0,0.7658407,83.0,67.0,0.12167588,76.0,63.0,0.2788006,81.0,61.0,0.32305998,161.0,128.0,0.85381234,144.0,118.0,0.6777285,95.0,146.0,0.67695063,86.0,111.0,0.7193881,133.0,199.0,0.90641993,108.0,167.0,0.6702076
74.jpg,80.0,44.0,0.816494,88.0,36.0,0.8715893,76.0,37.0,0.7418572,105.0,37.0,0.83721745,78.0,38.0,0.68575406,113.0,63.0,0.6972208,104.0,57.0,0.6455978,52.0,75.0,0.77045894,83.0,70.0,0.13849065,72.0,66.0,0.18675715,83.0,64.0,0.35636365,161.0,128.0,0.85368407,144.0,119.0,0.6955699,95.0,147.0,0.67094445,86.0,111.0,0.7104471,133.0,199.0,0.8953552,109.0,167.0,0.7270373
75.jpg,97.0,52.0,0.79648423,101.0,47.0,0.63853914,93.0,47.0,0.50740224,108.0,48.0,0.8929319,87.0,48.0,0.8336488,116.0,62.0,0.8323576,77.0,62.0,0.7492392,127.0,66.0,0.65536463,70.0,66.0,0.7255675,96.0,65.0,0.27057844,103.0,69.0,0.5368414,109.0,113.0,0.77375054,87.0,113.0,0.8214508,128.0,129.0,0.8249207,72.0,127.0,0.7309856,126.0,162.0,0.9118557,74.0,166.0,0.8042233
76.jpg,96.0,50.0,0.76459193,101.0,45.0,0.74001336,92.0,45.0,0.7049951,107.0,47.0,0.889881,87.0,46.0,0.82313013,117.0,61.0,0.8481201,76.0,61.0,0.7593924,126.0,64.0,0.6322588,70.0,65.0,0.67166597,96.0,63.0,0.281013,102.0,66.0,0.533615,109.0,112.0,0.784679,86.0,112.0,0.82364017,128.0,130.0,0.81407595,72.0,126.0,0.7205612,126.0,163.0,0.755306,73.0,166.0,0.8232535
77.jpg,96.0,45.0,0.68006057,101.0,41.0,0.828877,92.0,41.0,0.7812147,107.0,42.0,0.82278305,86.0,42.0,0.8583972,116.0,56.0,0.8165701,75.0,56.0,0.7696954,125.0,59.0,0.6923669,68.0,60.0,0.6935992,95.0,58.0,0.3129862,101.0,61.0,0.5211925,108.0,108.0,0.7761136,85.0,108.0,0.7606435,128.0,131.0,0.88710564,71.0,127.0,0.75247,126.0,163.0,0.8912948,73.0,165.0,0.9153553
78.jpg,80.0,45.0,0.8337989,88.0,36.0,0.89094317,77.0,37.0,0.7815844,105.0,37.0,0.7858106,78.0,37.0,0.7193216,113.0,63.0,0.6772251,104.0,56.0,0.65346974,53.0,75.0,0.7664807,83.0,67.0,0.11480111,76.0,65.0,0.23939776,82.0,61.0,0.28394002,162.0,128.0,0.82946956,144.0,118.0,0.6880866,96.0,146.0,0.75998306,87.0,112.0,0.58896905,133.0,200.0,0.8788329,109.0,166.0,0.5718744
79.jpg,81.0,44.0,0.8447732,88.0,36.0,0.8716126,76.0,37.0,0.78680086,105.0,37.0,0.7819505,78.0,37.0,0.7105565,113.0,62.0,0.7227159,104.0,55.0,0.6451356,52.0,75.0,0.7986047,81.0,66.0,0.13961491,72.0,66.0,0.21410647,82.0,64.0,0.4781404,162.0,127.0,0.8302636,146.0,119.0,0.7068294,96.0,147.0,0.6145129,88.0,112.0,0.5933426,133.0,199.0,0.735422,108.0,166.0,0.71084774
80.jpg,81.0,44.0,0.84927577,88.0,36.0,0.83324236,76.0,36.0,0.7863871,105.0,36.0,0.7870155,78.0,37.0,0.7060312,113.0,62.0,0.71405065,104.0,56.0,0.6592598,52.0,75.0,0.7770141,83.0,66.0,0.12199676,75.0,66.0,0.2800759,82.0,64.0,0.37206405,162.0,127.0,0.82300824,144.0,118.0,0.6765215,97.0,146.0,0.6008078,87.0,112.0,0.5710492,133.0,199.0,0.88857234,108.0,166.0,0.770396
81.jpg,96.0,36.0,0.5738687,101.0,31.0,0.8759652,92.0,31.0,0.82676697,108.0,33.0,0.79058135,87.0,32.0,0.7222469,116.0,47.0,0.7903925,76.0,47.0,0.7736368,127.0,50.0,0.7914531,70.0,51.0,0.6717426,98.0,50.0,0.28835884,106.0,54.0,0.4209515,108.0,101.0,0.80081844,85.0,101.0,0.8452517,128.0,130.0,0.93099743,70.0,128.0,0.91711193,126.0,162.0,0.8465051,72.0,167.0,0.8520988
82.jpg,96.0,36.0,0.5569141,101.0,31.0,0.8631865,92.0,31.0,0.7451809,108.0,32.0,0.8109082,87.0,31.0,0.8174647,117.0,46.0,0.8006222,77.0,46.0,0.7415089,128.0,50.0,0.8068734,70.0,51.0,0.6823011,98.0,51.0,0.29437512,104.0,54.0,0.51805246,108.0,101.0,0.7757549,85.0,101.0,0.8392068,128.0,129.0,0.8178681,71.0,126.0,0.8989994,126.0,162.0,0.80570924,72.0,166.0,0.8039386
83.jpg,81.0,43.0,0.8046254,88.0,34.0,0.73490286,76.0,36.0,0.7043269,105.0,35.0,0.7432961,78.0,37.0,0.6954601,112.0,60.0,0.77945024,104.0,56.0,0.6715055,53.0,74.0,0.8097644,83.0,68.0,0.12752917,78.0,60.0,0.34403217,84.0,60.0,0.25827414,162.0,126.0,0.8118342,144.0,118.0,0.65224564,95.0,147.0,0.70594573,86.0,111.0,0.47859204,133.0,199.0,0.8839388,107.0,165.0,0.68399054
84.jpg,81.0,42.0,0.80181074,88.0,34.0,0.7996156,76.0,35.0,0.6652169,104.0,35.0,0.7508676,77.0,36.0,0.82315826,112.0,59.0,0.7508832,104.0,56.0,0.6743369,53.0,73.0,0.7769861,83.0,69.0,0.17406824,78.0,60.0,0.3346439,83.0,62.0,0.38701198,162.0,126.0,0.8028252,146.0,118.0,0.679151,95.0,147.0,0.6583186,86.0,111.0,0.7573956,134.0,200.0,0.86872613,109.0,167.0,0.5759777
85.jpg,80.0,42.0,0.7454752,88.0,34.0,0.7767582,76.0,35.0,0.6397737,105.0,35.0,0.7218471,77.0,36.0,0.8294194,112.0,60.0,0.752856,104.0,55.0,0.63957846,53.0,73.0,0.8211161,86.0,68.0,0.13098973,79.0,59.0,0.28788027,85.0,59.0,0.24740708,162.0,126.0,0.7981496,144.0,118.0,0.64262104,95.0,147.0,0.59245765,85.0,111.0,0.5505717,133.0,200.0,0.87523496,109.0,166.0,0.73426646
86.jpg,81.0,42.0,0.7496553,88.0,34.0,0.82004356,76.0,35.0,0.59527344,104.0,34.0,0.8179785,77.0,36.0,0.8249588,112.0,59.0,0.735579,104.0,55.0,0.6556892,53.0,74.0,0.8311524,84.0,69.0,0.16436249,79.0,59.0,0.3490181,85.0,60.0,0.30498332,162.0,125.0,0.82580745,144.0,117.0,0.6325162,96.0,146.0,0.69728065,86.0,112.0,0.6408594,134.0,199.0,0.8865146,110.0,167.0,0.6327443
87.jpg,96.0,43.0,0.56031233,101.0,39.0,0.87004197,92.0,39.0,0.7679956,108.0,40.0,0.7797458,87.0,40.0,0.6997603,119.0,56.0,0.8064238,76.0,54.0,0.7781605,127.0,60.0,0.7648847,71.0,60.0,0.7065702,94.0,59.0,0.3166582,104.0,63.0,0.5587886,108.0,106.0,0.8059593,85.0,106.0,0.8250029,127.0,130.0,0.91920686,72.0,129.0,0.85276544,126.0,163.0,0.8952054,73.0,165.0,0.5758979
88.jpg,97.0,46.0,0.7163309,102.0,41.0,0.6869397,93.0,41.0,0.63545585,108.0,43.0,0.8764587,87.0,42.0,0.7142402,117.0,57.0,0.868533,77.0,56.0,0.76331675,127.0,61.0,0.7449286,72.0,62.0,0.6589445,95.0,61.0,0.31995234,105.0,64.0,0.56289935,108.0,108.0,0.7578919,85.0,108.0,0.8079072,128.0,130.0,0.90220904,72.0,127.0,0.5386418,126.0,163.0,0.9125737,73.0,165.0,0.8773719
89.jpg,97.0,47.0,0.66057444,102.0,43.0,0.7923369,93.0,43.0,0.74032193,108.0,44.0,0.83877987,87.0,44.0,0.76771265,118.0,58.0,0.8776196,77.0,57.0,0.7596314,127.0,63.0,0.755127,71.0,63.0,0.8453429,98.0,61.0,0.24106136,104.0,65.0,0.5655904,108.0,109.0,0.8022753,85.0,109.0,0.7896794,128.0,130.0,0.89546275,71.0,128.0,0.78105915,126.0,163.0,0.9196254,72.0,166.0,0.81854373
9.jpg,98.0,51.0,0.63160473,103.0,47.0,0.8371651,94.0,47.0,0.8097577,109.0,50.0,0.8048704,89.0,50.0,0.89433783,118.0,68.0,0.79059494,78.0,69.0,0.7996686,128.0,81.0,0.6933981,74.0,81.0,0.8361209,98.0,77.0,0.40743577,107.0,82.0,0.6056289,109.0,115.0,0.7721469,87.0,114.0,0.7322783,130.0,129.0,0.79880786,73.0,126.0,0.6142994,126.0,161.0,0.7502575,74.0,164.0,0.90137595
90.jpg,82.0,43.0,0.8709818,89.0,34.0,0.64823306,77.0,36.0,0.82813835,105.0,35.0,0.6869774,78.0,37.0,0.70568424,113.0,61.0,0.761284,104.0,55.0,0.6544879,54.0,76.0,0.7924765,80.0,66.0,0.1463275,79.0,62.0,0.36009032,83.0,61.0,0.35695684,162.0,125.0,0.81358445,144.0,117.0,0.594675,97.0,146.0,0.69281125,86.0,111.0,0.70576656,133.0,200.0,0.89989895,110.0,167.0,0.597001
91.jpg,81.0,43.0,0.8786049,89.0,35.0,0.77925354,77.0,36.0,0.8795075,105.0,36.0,0.78491926,78.0,37.0,0.720462,113.0,60.0,0.7183555,104.0,55.0,0.668447,54.0,75.0,0.7995544,84.0,67.0,0.11685124,76.0,63.0,0.25305226,82.0,61.0,0.32564533,162.0,125.0,0.819978,144.0,117.0,0.6314597,97.0,146.0,0.7519909,86.0,111.0,0.78003657,134.0,200.0,0.8816646,110.0,165.0,0.55325633
92.jpg,82.0,44.0,0.8759279,89.0,35.0,0.8153051,77.0,37.0,0.89320225,105.0,36.0,0.7589199,78.0,37.0,0.72273856,113.0,60.0,0.7406515,101.0,55.0,0.49742034,54.0,77.0,0.78614867,80.0,66.0,0.1358101,79.0,63.0,0.3919872,82.0,61.0,0.3255055,162.0,125.0,0.79041797,144.0,116.0,0.7386304,98.0,146.0,0.7378789,87.0,112.0,0.58354115,133.0,199.0,0.7797774,109.0,168.0,0.70335454
93.jpg,97.0,54.0,0.65175796,102.0,49.0,0.8039819,93.0,49.0,0.7321384,108.0,51.0,0.8845968,88.0,50.0,0.85150164,118.0,64.0,0.861066,78.0,65.0,0.7544133,128.0,70.0,0.693045,72.0,70.0,0.84416705,102.0,68.0,0.23801556,105.0,71.0,0.6531905,109.0,114.0,0.77441627,87.0,114.0,0.793345,129.0,129.0,0.69522107,72.0,128.0,0.79601496,126.0,164.0,0.7553218,74.0,167.0,0.8519273
94.jpg,98.0,54.0,0.78991926,102.0,50.0,0.6405118,93.0,50.0,0.57669985,109.0,52.0,0.8813398,88.0,52.0,0.88153464,118.0,66.0,0.85575557,78.0,65.0,0.76365197,127.0,71.0,0.74021167,72.0,71.0,0.826632,99.0,69.0,0.23253193,105.0,74.0,0.5904034,109.0,115.0,0.7682911,86.0,115.0,0.7761408,129.0,130.0,0.78593767,73.0,128.0,0.8873111,126.0,164.0,0.9115589,74.0,168.0,0.8025921
95.jpg,83.0,44.0,0.8249256,90.0,36.0,0.8047197,78.0,37.0,0.9281547,106.0,36.0,0.89069104,78.0,38.0,0.75579447,114.0,61.0,0.868198,101.0,56.0,0.5580814,55.0,76.0,0.78248096,84.0,66.0,0.114059895,79.0,64.0,0.31046036,83.0,64.0,0.46694732,163.0,125.0,0.75706017,144.0,116.0,0.72414047,98.0,145.0,0.79199016,86.0,111.0,0.8054264,134.0,199.0,0.7340801,110.0,167.0,0.7076479
96.jpg,83.0,44.0,0.8085692,90.0,36.0,0.7764747,79.0,37.0,0.9233769,106.0,36.0,0.9066434,79.0,38.0,0.7721211,115.0,61.0,0.6157486,101.0,55.0,0.5273922,55.0,76.0,0.7925529,80.0,65.0,0.12561032,70.0,67.0,0.14916578,83.0,63.0,0.39249718,162.0,125.0,0.80203104,141.0,116.0,0.67516345,98.0,146.0,0.82189584,87.0,111.0,0.6899195,134.0,200.0,0.8785361,110.0,166.0,0.5841272
97.jpg,83.0,44.0,0.7910365,90.0,36.0,0.7711125,79.0,37.0,0.9170723,106.0,36.0,0.8959047,79.0,37.0,0.77374566,115.0,62.0,0.8471358,104.0,55.0,0.66297317,56.0,77.0,0.7742729,84.0,65.0,0.124302775,70.0,67.0,0.1798802,82.0,64.0,0.463375,162.0,125.0,0.8038565,141.0,116.0,0.6891272,98.0,146.0,0.81146944,87.0,112.0,0.79068387,134.0,199.0,0.7593049,110.0,167.0,0.6310153
98.jpg,83.0,44.0,0.5141103,91.0,36.0,0.7278867,79.0,37.0,0.8960736,106.0,36.0,0.91733396,79.0,37.0,0.7901944,115.0,62.0,0.8504832,104.0,56.0,0.65924037,56.0,77.0,0.68468314,81.0,65.0,0.13285643,78.0,66.0,0.35233316,81.0,63.0,0.4349801,162.0,126.0,0.7681506,144.0,118.0,0.68724376,98.0,145.0,0.7932371,86.0,111.0,0.80338144,134.0,199.0,0.75525403,109.0,168.0,0.69013464
99.jpg,98.0,55.0,0.6824362,103.0,51.0,0.8873785,94.0,51.0,0.8709159,109.0,53.0,0.84951174,88.0,52.0,0.8092834,118.0,66.0,0.85476756,78.0,67.0,0.744034,130.0,72.0,0.6552452,73.0,72.0,0.8197721,100.0,70.0,0.29859838,108.0,75.0,0.6364033,110.0,115.0,0.6999747,87.0,115.0,0.7387712,129.0,128.0,0.7587044,73.0,126.0,0.86478233,126.0,162.0,0.82917166,74.0,166.0,0.75742024
